Workbook

Sheet Processed Data
A1: Hil (hh)
G2: Quantity Billed = BestRX | Q2: Package Size Billed = Quantity Billed(BestRx) ÷ Package Size | AA2: Package Size Difference = Total Packages Purchased(Vendors) − Package Size Billed(BestRx) | AK2: Actual $ Paid by Insurance = BestRX | AU2: Actual $ Purchased (Kinray Unit Price × Packages Billed To Ins) | BE2: Net(Profit/Loss)$ = Actual $ Paid(BestRx) − Actual $ Purchased(Kinray)
A3: NDC # | B3: Drug Name | C3: Package Size | D3: KINRAY | E3: Total Purchased | F3: Kinray_UPrice | G3: ALL_PBM_Q | H3: ARG/HUM_Q | I3: CAREMARK_Q | J3: EXPRESS_Q | K3: FDS_Q | L3: MEDIMP_Q | M3: NYM_Q | N3: OPTUM_Q | O3: PRIMECAPRX_Q | P3: RELAYHLTH_Q | Q3: ALL_PBM_P | R3: ARG/HUM_P | S3: CAREMARK_P | T3: EXPRESS_P | U3: FDS_P | V3: MEDIMP_P | W3: NYM_P | X3: OPTUM_P | Y3: PRIMECAPRX_P | Z3: RELAYHLTH_P | AA3: ALL_PBM_D | AB3: ARG/HUM_D | AC3: CAREMARK_D | AD3: EXPRESS_D | AE3: FDS_D | AF3: MEDIMP_D | AG3: NYM_D | AH3: OPTUM_D | AI3: PRIMECAPRX_D | AJ3: RELAYHLTH_D | AK3: ALL_PBM_T | AL3: ARG/HUM_T | AM3: CAREMARK_T | AN3: EXPRESS_T | AO3: FDS_T | AP3: MEDIMP_T | AQ3: NYM_T | AR3: OPTUM_T | AS3: PRIMECAPRX_T | AT3: RELAYHLTH_T | AU3: ALL_PBM_Pur | AV3: ARG/HUM_Pur | AW3: CAREMARK_Pur | AX3: EXPRESS_Pur | AY3: FDS_Pur | AZ3: MEDIMP_Pur | BA3: NYM_Pur | BB3: OPTUM_Pur | BC3: PRIMECAPRX_Pur | BD3: RELAYHLTH_Pur | BE3: ALL_PBM_Net | BF3: ARG/HUM_Net | BG3: CAREMARK_Net | BH3: EXPRESS_Net | BI3: FDS_Net | BJ3: MEDIMP_Net | BK3: NYM_Net | BL3: OPTUM_Net | BM3: PRIMECAPRX_Net | BN3: RELAYHLTH_Net
A4: 59148000713 | B4: ABILIFY 5MG TABLET | C4: 30 | D4: 2 | E4: 2 | F4: 563 | G4: 120 | H4: 0 | I4: 0 | J4: 0 | K4: 0 | L4: 0 | M4: 120 | N4: 0 | O4: 0 | P4: 0 | Q4: 4 | R4: 0 | S4: 0 | T4: 0 | U4: 0 | V4: 0 | W4: 4 | X4: 0 | Y4: 0 | Z4: 0 | AA4: -2 | AB4: 2 | AC4: 2 | AD4: 2 | AE4: 2 | AF4: 2 | AG4: -2 | AH4: 2 | AI4: 2 | AJ4: 2 | AK4: 2278 | AL4: 0 | AM4: 0 | AN4: 0 | AO4: 0 | AP4: 0 | AQ4: 2278 | AR4: 0 | AS4: 0 | AT4: 0 | AU4: 2252 | AV4: 0 | AW4: 0 | AX4: 0 | AY4: 0 | AZ4: 0 | BA4: 2252 | BB4: 0 | BC4: 0 | BD4: 0 | BE4: 26 | BF4: 0 | BG4: 0 | BH4: 0 | BI4: 0 | BJ4: 0 | BK4: 26 | BL4: 0 | BM4: 0 | BN4: 0
A5: 65702071110 | B5: ACCU-CHEK GUIDE IN VITRO STRIP | C5: 50 | D5: 22 | E5: 22 | F5: 20 | G5: 2100 | H5: 200 | I5: 700 | J5: 1100 | K5: 0 | L5: 0 | M5: 0 | N5: 100 | O5: 0 | P5: 0 | Q5: 42 | R5: 4 | S5: 14 | T5: 22 | U5: 0 | V5: 0 | W5: 0 | X5: 2 | Y5: 0 | Z5: 0 | AA5: -20 | AB5: 18 | AC5: 8 | AD5: 0 | AE5: 22 | AF5: 22 | AG5: 22 | AH5: 20 | AI5: 22 | AJ5: 22 | AK5: 785 | AL5: 68 | AM5: 247 | AN5: 364 | AO5: 0 | AP5: 0 | AQ5: 0 | AR5: 41 | AS5: 0 | AT5: 0 | AU5: 840 | AV5: 80 | AW5: 280 | AX5: 440 | AY5: 0 | AZ5: 0 | BA5: 0 | BB5: 40 | BC5: 0 | BD5: 0 | BE5: -55 | BF5: -12 | BG5: -33 | BH5: -76 | BI5: 0 | BJ5: 0 | BK5: 0 | BL5: 1 | BM5: 0 | BN5: 0
A6: 65702072910 | B6: ACCU-CHEK GUIDE W/DEVICE KIT | C6: 1 | D6: 3 | E6: 3 | F6: 26 | G6: 1 | H6: 0 | I6: 0 | J6: 1 | K6: 0 | L6: 0 | M6: 0 | N6: 0 | O6: 0 | P6: 0 | Q6: 1 | R6: 0 | S6: 0 | T6: 1 | U6: 0 | V6: 0 | W6: 0 | X6: 0 | Y6: 0 | Z6: 0 | AA6: 2 | AB6: 3 | AC6: 3 | AD6: 2 | AE6: 3 | AF6: 3 | AG6: 3 | AH6: 3 | AI6: 3 | AJ6: 3 | AK6: 21 | AL6: 0 | AM6: 0 | AN6: 21 | AO6: 0 | AP6: 0 | AQ6: 0 | AR6: 0 | AS6: 0 | AT6: 0 | AU6: 26 | AV6: 0 | AW6: 0 | AX6: 26 | AY6: 0 | AZ6: 0 | BA6: 0 | BB6: 0 | BC6: 0 | BD6: 0 | BE6: -5 | BF6: 0 | BG6: 0 | BH6: -5 | BI6: 0 | BJ6: 0 | BK6: 0 | BL6: 0 | BM6: 0 | BN6: 0
A7: 50242014301 | B7: ACTEMRA ACTPEN 162 MG/0.9ML SUBCUTANEOUS SOLUTION AUTO-INJECTOR | C7: 0.9 | D7: 6 | E7: 6 | F7: 1145 | G7: 5.4 | H7: 0 | I7: 0 | J7: 0 | K7: 0 | L7: 0 | M7: 5.4 | N7: 0 | O7: 0 | P7: 0 | Q7: 6 | R7: 0 | S7: 0 | T7: 0 | U7: 0 | V7: 0 | W7: 6 | X7: 0 | Y7: 0 | Z7: 0 | AA7: 0 | AB7: 6 | AC7: 6 | AD7: 6 | AE7: 6 | AF7: 6 | AG7: 0 | AH7: 6 | AI7: 6 | AJ7: 6 | AK7: 6927 | AL7: 0 | AM7: 0 | AN7: 0 | AO7: 0 | AP7: 0 | AQ7: 6927 | AR7: 0 | AS7: 0 | AT7: 0 | AU7: 6870 | AV7: 0 | AW7: 0 | AX7: 0 | AY7: 0 | AZ7: 0 | BA7: 6870 | BB7: 0 | BC7: 0 | BD7: 0 | BE7: 57 | BF7: 0 | BG7: 0 | BH7: 0 | BI7: 0 | BJ7: 0 | BK7: 57 | BL7: 0 | BM7: 0 | BN7: 0
A8: 00173069600 | B8: ADVAIR DISKUS 250-50MCG/DOSE AEROSOL 60EA | C8: 60 | D8: 3 | E8: 3 | F8: 190 | G8: 180 | H8: 0 | I8: 180 | J8: 0 | K8: 0 | L8: 0 | M8: 0 | N8: 0 | O8: 0 | P8: 0 | Q8: 3 | R8: 0 | S8: 3 | T8: 0 | U8: 0 | V8: 0 | W8: 0 | X8: 0 | Y8: 0 | Z8: 0 | AA8: 0 | AB8: 3 | AC8: 0 | AD8: 3 | AE8: 3 | AF8: 3 | AG8: 3 | AH8: 3 | AI8: 3 | AJ8: 3 | AK8: 535 | AL8: 0 | AM8: 535 | AN8: 0 | AO8: 0 | AP8: 0 | AQ8: 0 | AR8: 0 | AS8: 0 | AT8: 0 | AU8: 570 | AV8: 0 | AW8: 570 | AX8: 0 | AY8: 0 | AZ8: 0 | BA8: 0 | BB8: 0 | BC8: 0 | BD8: 0 | BE8: -35 | BF8: 0 | BG8: -35 | BH8: 0 | BI8: 0 | BJ8: 0 | BK8: 0 | BL8: 0 | BM8: 0 | BN8: 0
A9: 00173071720 | B9: ADVAIR HFA 230-21 MCG/ACT INHALATION AEROSOL | C9: 12 | D9: 3 | E9: 3 | F9: 428 | G9: 36 | H9: 0 | I9: 0 | J9: 0 | K9: 0 | L9: 0 | M9: 36 | N9: 0 | O9: 0 | P9: 0 | Q9: 3 | R9: 0 | S9: 0 | T9: 0 | U9: 0 | V9: 0 | W9: 3 | X9: 0 | Y9: 0 | Z9: 0 | AA9: 0 | AB9: 3 | AC9: 3 | AD9: 3 | AE9: 3 | AF9: 3 | AG9: 0 | AH9: 3 | AI9: 3 | AJ9: 3 | AK9: 1293 | AL9: 0 | AM9: 0 | AN9: 0 | AO9: 0 | AP9: 0 | AQ9: 1293 | AR9: 0 | AS9: 0 | AT9: 0 | AU9: 1284 | AV9: 0 | AW9: 0 | AX9: 0 | AY9: 0 | AZ9: 0 | BA9: 1284 | BB9: 0 | BC9: 0 | BD9: 0 | BE9: 9 | BF9: 0 | BG9: 0 | BH9: 0 | BI9: 0 | BJ9: 0 | BK9: 9 | BL9: 0 | BM9: 0 | BN9: 0
A10: 33332002503 | B10: AFLURIA PRESERVATIVE FREE 0.5 ML INTRAMUSCULAR SUSPENSION PREFILLED SYRINGE | C10: 5 | D10: 0 | E10: 0 | F10: 0 | G10: 1.5 | H10: 0 | I10: 1.5 | J10: 0 | K10: 0 | L10: 0 | M10: 0 | N10: 0 | O10: 0 | P10: 0 | Q10: 0.3 | R10: 0 | S10: 0.3 | T10: 0 | U10: 0 | V10: 0 | W10: 0 | X10: 0 | Y10: 0 | Z10: 0 | AA10: -0.3 | AB10: 0 | AC10: -0.3 | AD10: 0 | AE10: 0 | AF10: 0 | AG10: 0 | AH10: 0 | AI10: 0 | AJ10: 0 | AK10: 63 | AL10: 0 | AM10: 63 | AN10: 0 | AO10: 0 | AP10: 0 | AQ10: 0 | AR10: 0 | AS10: 0 | AT10: 0 | AU10: 0 | AV10: 0 | AW10: 0 | AX10: 0 | AY10: 0 | AZ10: 0 | BA10: 0 | BB10: 0 | BC10: 0 | BD10: 0 | BE10: 63 | BF10: 0 | BG10: 63 | BH10: 0 | BI10: 0 | BJ10: 0 | BK10: 0 | BL10: 0 | BM10: 0 | BN10: 0
A11: 00310908012 | B11: AIRSUPRA 90-80 MCG/ACT INHALATION AEROSOL | C11: 10.7 | D11: 4 | E11: 4 | F11: 490 | G11: 74.9 | H11: 0 | I11: 32.1 | J11: 10.7 | K11: 0 | L11: 0 | M11: 32.1 | N11: 0 | O11: 0 | P11: 0 | Q11: 7 | R11: 0 | S11: 3 | T11: 1 | U11: 0 | V11: 0 | W11: 3 | X11: 0 | Y11: 0 | Z11: 0 | AA11: -3 | AB11: 4 | AC11: 1 | AD11: 3 | AE11: 4 | AF11: 4 | AG11: 1 | AH11: 4 | AI11: 4 | AJ11: 4 | AK11: 3357 | AL11: 0 | AM11: 1428 | AN11: 437 | AO11: 0 | AP11: 0 | AQ11: 1452 | AR11: 0 | AS11: 0 | AT11: 0 | AU11: 3430 | AV11: 0 | AW11: 1470 | AX11: 490 | AY11: 0 | AZ11: 0 | BA11: 1470 | BB11: 0 | BC11: 0 | BD11: 0 | BE11: -73 | BF11: 0 | BG11: -42 | BH11: -53 | BI11: 0 | BJ11: 0 | BK11: -18 | BL11: 0 | BM11: 0 | BN11: 0
A12: 00023917715 | B12: ALPHAGAN P 0.15 % OPHTHALMIC SOLUTION | C12: 15 | D12: 0 | E12: 0 | F12: 0 | G12: 15 | H12: 0 | I12: 0 | J12: 0 | K12: 0 | L12: 0 | M12: 15 | N12: 0 | O12: 0 | P12: 0 | Q12: 1 | R12: 0 | S12: 0 | T12: 0 | U12: 0 | V12: 0 | W12: 1 | X12: 0 | Y12: 0 | Z12: 0 | AA12: -1 | AB12: 0 | AC12: 0 | AD12: 0 | AE12: 0 | AF12: 0 | AG12: -1 | AH12: 0 | AI12: 0 | AJ12: 0 | AK12: 608 | AL12: 0 | AM12: 0 | AN12: 0 | AO12: 0 | AP12: 0 | AQ12: 608 | AR12: 0 | AS12: 0 | AT12: 0 | AU12: 0 | AV12: 0 | AW12: 0 | AX12: 0 | AY12: 0 | AZ12: 0 | BA12: 0 | BB12: 0 | BC12: 0 | BD12: 0 | BE12: 608 | BF12: 0 | BG12: 0 | BH12: 0 | BI12: 0 | BJ12: 0 | BK12: 608 | BL12: 0 | BM12: 0 | BN12: 0
A13: 00173086910 | B13: ANORO ELLIPTA 62.5-25MCG/INH AEROSOL 60EA | C13: 60 | D13: 3 | E13: 3 | F13: 471 | G13: 120 | H13: 0 | I13: 120 | J13: 0 | K13: 0 | L13: 0 | M13: 0 | N13: 0 | O13: 0 | P13: 0 | Q13: 2 | R13: 0 | S13: 2 | T13: 0 | U13: 0 | V13: 0 | W13: 0 | X13: 0 | Y13: 0 | Z13: 0 | AA13: 1 | AB13: 3 | AC13: 1 | AD13: 3 | AE13: 3 | AF13: 3 | AG13: 3 | AH13: 3 | AI13: 3 | AJ13: 3 | AK13: 930 | AL13: 0 | AM13: 930 | AN13: 0 | AO13: 0 | AP13: 0 | AQ13: 0 | AR13: 0 | AS13: 0 | AT13: 0 | AU13: 942 | AV13: 0 | AW13: 942 | AX13: 0 | AY13: 0 | AZ13: 0 | BA13: 0 | BB13: 0 | BC13: 0 | BD13: 0 | BE13: -12 | BF13: 0 | BG13: -12 | BH13: 0 | BI13: 0 | BJ13: 0 | BK13: 0 | BL13: 0 | BM13: 0 | BN13: 0
A14: 58160084811 | B14: AREXVY 120 MCG/0.5ML INTRAMUSCULAR SUSPENSION RECONSTITUTED | C14: 10 | D14: 1 | E14: 1 | F14: 2949 | G14: 2 | H14: 0 | I14: 2 | J14: 0 | K14: 0 | L14: 0 | M14: 0 | N14: 0 | O14: 0 | P14: 0 | Q14: 0.2 | R14: 0 | S14: 0.2 | T14: 0 | U14: 0 | V14: 0 | W14: 0 | X14: 0 | Y14: 0 | Z14: 0 | AA14: 0.8 | AB14: 1 | AC14: 0.8 | AD14: 1 | AE14: 1 | AF14: 1 | AG14: 1 | AH14: 1 | AI14: 1 | AJ14: 1 | AK14: 595 | AL14: 0 | AM14: 595 | AN14: 0 | AO14: 0 | AP14: 0 | AQ14: 0 | AR14: 0 | AS14: 0 | AT14: 0 | AU14: 590 | AV14: 0 | AW14: 590 | AX14: 0 | AY14: 0 | AZ14: 0 | BA14: 0 | BB14: 0 | BC14: 0 | BD14: 0 | BE14: 5 | BF14: 0 | BG14: 5 | BH14: 0 | BI14: 0 | BJ14: 0 | BK14: 0 | BL14: 0 | BM14: 0 | BN14: 0
A15: 00173087410 | B15: ARNUITY ELLIPTA 100 MCG/ACT INH AEROSOL | C15: 30 | D15: 2 | E15: 2 | F15: 203 | G15: 90 | H15: 0 | I15: 90 | J15: 0 | K15: 0 | L15: 0 | M15: 0 | N15: 0 | O15: 0 | P15: 0 | Q15: 3 | R15: 0 | S15: 3 | T15: 0 | U15: 0 | V15: 0 | W15: 0 | X15: 0 | Y15: 0 | Z15: 0 | AA15: -1 | AB15: 2 | AC15: -1 | AD15: 2 | AE15: 2 | AF15: 2 | AG15: 2 | AH15: 2 | AI15: 2 | AJ15: 2 | AK15: 585 | AL15: 0 | AM15: 584 | AN15: 0 | AO15: 0 | AP15: 0 | AQ15: 0 | AR15: 0 | AS15: 0 | AT15: 0 | AU15: 609 | AV15: 0 | AW15: 609 | AX15: 0 | AY15: 0 | AZ15: 0 | BA15: 0 | BB15: 0 | BC15: 0 | BD15: 0 | BE15: -24 | BF15: 0 | BG15: -26 | BH15: 0 | BI15: 0 | BJ15: 0 | BK15: 0 | BL15: 0 | BM15: 0 | BN15: 0
... A208: 69557011130 | B208: ZTLIDO 1.8 % EXTERNAL PATCH | C208: 30 | D208: 4 | E208: 4 | F208: 372 | G208: 180 | H208: 0 | I208: 180 | J208: 0 | K208: 0 | L208: 0 | M208: 0 | N208: 0 | O208: 0 | P208: 0 | Q208: 6 | R208: 0 | S208: 6 | T208: 0 | U208: 0 | V208: 0 | W208: 0 | X208: 0 | Y208: 0 | Z208: 0 | AA208: -2 | AB208: 4 | AC208: -2 | AD208: 4 | AE208: 4 | AF208: 4 | AG208: 4 | AH208: 4 | AI208: 4 | AJ208: 4 | AK208: 2144 | AL208: 0 | AM208: 2126 | AN208: 0 | AO208: 0 | AP208: 0 | AQ208: 0 | AR208: 0 | AS208: 0 | AT208: 0 | AU208: 2232 | AV208: 0 | AW208: 2232 | AX208: 0 | AY208: 0 | AZ208: 0 | BA208: 0 | BB208: 0 | BC208: 0 | BD208: 0 | BE208: -88 | BF208: 0 | BG208: -106 | BH208: 0 | BI208: 0 | BJ208: 0 | BK208: 0 | BL208: 0 | BM208: 0 | BN208: 0
A209: Totals | AK209: =SUM(AK4:AK208) | AL209: =SUM(AL4:AL208) | AM209: =SUM(AM4:AM208) | AN209: =SUM(AN4:AN208) | AO209: =SUM(AO4:AO208) | AP209: =SUM(AP4:AP208) | AQ209: =SUM(AQ4:AQ208) | AR209: =SUM(AR4:AR208) | ... BN209: =SUM(BN4:BN208)

Sheet BIN to Processor
A1: BIN Numbers Billed (from Custom Log) | F1: Unmapped BIN Numbers (000000)
A2: BIN | B2: Processor | C2: Total Rx | F2: BIN | G2: RX # | H2: Fill Date
A3: 015581 | B3: ARG/HUM | C3: 1 | F3: 000000 | G3: 121328 | H3: 2026-01-05
A4: 015599 | B4: ARG/HUM | C4: 2 | F4: 000000 | G4: 109069 | H4: 2026-01-06
A5: 004336 | B5: CAREMARK | C5: 1101 | F5: 000000 | G5: 139433 | H5: 2026-01-16
A6: 013089 | B6: CAREMARK | C6: 1 | F6: 000000 | G6: 115458 | H6: 2026-01-21
A7: 020099 | B7: CAREMARK | C7: 10 | F7: 000000 | G7: 121328 | H7: 2026-01-30
A8: 020107 | B8: CAREMARK | C8: 4 | F8: 000000 | G8: 139433 | H8: 2026-02-13
A9: 020115 | B9: CAREMARK | C9: 8 | F9: 000000 | G9: 143448 | H9: 2026-02-16
A10: 610502 | B10: CAREMARK | C10: 52 | F10: 000000 | G10: 121328 | H10: 2026-02-24
A11: 003858 | B11: EXPRESS | C11: 25
A12: 017010 | B12: EXPRESS | C12: 24
A13: 400023 | B13: EXPRESS | C13: 3
A14: 610014 | B14: EXPRESS | C14: 101
A15: 007895 | B15: FDS | C15: 4
A16: 015574 | B16: MEDIMP | C16: 94
A17: 004740 | B17: NYM | C17: 375
A18: 610011 | B18: OPTUM | C18: 16
A19: 610097 | B19: OPTUM | C19: 29
A20: 610279 | B20: OPTUM | C20: 5
A21: 610494 | B21: OPTUM | C21: 5
A22: 610455 | B22: PRIMECAPRX | C22: 4
... A24: 000000 | B24: Unmapped | C24: 8
B25: Grand Total | C25: =SUM(C3:C24)

Sheet Needs to be ordered - All
A1: Hil (hh) - Need to Order - ALL
A2: NDC # | B2: Drug Name | C2: Pkg Size | D2: ARG/HUM_D | E2: CAREMARK_D | F2: EXPRESS_D | G2: FDS_D | H2: MEDIMP_D | I2: NYM_D | J2: OPTUM_D | K2: PRIMECAPRX_D | L2: RELAYHLTH_D | M2: To Order | N2: Paper Work | O2: PRICE | P2: Total Order Price | Q2: Insurance-wise Order Estimate ($) | R2: Amount
A3: 59148000713 | B3: ABILIFY 5MG TABLET | C3: 30 | D3: 2 | E3: 2 | F3: 2 | G3: 2 | H3: 2 | I3: -2 | J3: 2 | K3: 2 | L3: 2 | M3: 2 | O3: 563 | P3: 1126 | Q3: ARG/HUM_D | R3: =SUMPRODUCT((-D3:D101)*(D3:D101<0),O3:O101)
A4: 33332002503 | B4: AFLURIA PRESERVATIVE FREE 0.5 ML INTRAMUSCULAR SUSPENSION PREFILLED SYRINGE | C4: 5 | D4: 0 | E4: -0.3 | F4: 0 | G4: 0 | H4: 0 | I4: 0 | J4: 0 | K4: 0 | L4: 0 | M4: 0.3 | O4: 0 | P4: 0 | Q4: CAREMARK_D | R4: =SUMPRODUCT((-E3:E101)*(E3:E101<0),O3:O101)
A5: 00023917715 | B5: ALPHAGAN P 0.15 % OPHTHALMIC SOLUTION | C5: 15 | D5: 0 | E5: 0 | F5: 0 | G5: 0 | H5: 0 | I5: -1 | J5: 0 | K5: 0 | L5: 0 | M5: 1 | O5: 0 | P5: 0 | Q5: EXPRESS_D | R5: =SUMPRODUCT((-F3:F101)*(F3:F101<0),O3:O101)
A6: 00173087410 | B6: ARNUITY ELLIPTA 100 MCG/ACT INH AEROSOL | C6: 30 | D6: 2 | E6: -1 | F6: 2 | G6: 2 | H6: 2 | I6: 2 | J6: 2 | K6: 2 | L6: 2 | M6: 1 | O6: 203 | P6: 203 | Q6: FDS_D | R6: =SUMPRODUCT((-G3:G101)*(G3:G101<0),O3:O101)
A7: 00173088810 | B7: ARNUITY ELLIPTA 50 MCG/ACT INHAEROSOL | C7: 30 | D7: 0 | E7: 0 | F7: 0 | G7: 0 | H7: 0 | I7: -1 | J7: 0 | K7: 0 | L7: 0 | M7: 1 | O7: 0 | P7: 0 | Q7: MEDIMP_D | R7: =SUMPRODUCT((-H3:H101)*(H3:H101<0),O3:O101)
A8: 00173085910 | B8: BREO ELLIPTA 100-25 MCG/ACT INH AEROSOL | C8: 60 | D8: 8 | E8: -4 | F8: 8 | G8: 9 | H8: 9 | I8: 9 | J8: 9 | K8: 9 | L8: 9 | M8: 4 | O8: 393 | P8: 1572 | Q8: NYM_D | R8: =SUMPRODUCT((-I3:I101)*(I3:I101<0),O3:O101)
A9: 00310737220 | B9: BUDESONIDE-FORMOTEROL FUMARATE 80-4.5MCG/ACT AEROSOL | C9: 10.2 | D9: 9 | E9: -9 | F9: 6 | G9: 9 | H9: 6 | I9: 9 | J9: 9 | K9: 9 | L9: 9 | M9: 9 | O9: 139 | P9: 1251 | Q9: OPTUM_D | R9: =SUMPRODUCT((-J3:J101)*(J3:J101<0),O3:O101)
A10: 00310737020 | B10: BUDESONIDE/FORMOTEROL 160 /4.5 MCG (SYMBICORT) | C10: 10.2 | D10: 19 | E10: -3 | F10: 11 | G10: 19 | H10: 16 | I10: 19 | J10: 19 | K10: 19 | L10: 19 | M10: 3 | O10: 180 | P10: 540 | Q10: PRIMECAPRX_D | R10: =SUMPRODUCT((-K3:K101)*(K3:K101<0),O3:O101)
A11: 47335050696 | B11: CEQUA 0.09% SOLUTION | C11: 60 | D11: 5 | E11: -1 | F11: 5 | G11: 5 | H11: 5 | I11: 5 | J11: 5 | K11: 5 | L11: 5 | M11: 1 | O11: 633 | P11: 633 | Q11: RELAYHLTH_D | R11: =SUMPRODUCT((-L3:L101)*(L3:L101<0),O3:O101)
A12: 68382052960 | B12: CHOLESTYRAMINE LIGHT 4GM PACK | C12: 60 | D12: 0 | E12: -1 | F12: 0 | G12: 0 | H12: 0 | I12: 0 | J12: 0 | K12: 0 | L12: 0 | M12: 1 | O12: 0 | P12: 0
A13: 00023921110 | B13: COMBIGAN 0.2-0.5% OPTH SOLUTION 10ML | C13: 10 | D13: 0 | E13: -4 | F13: 0 | G13: 0 | H13: 0 | I13: 0 | J13: 0 | K13: 0 | L13: 0 | M13: 4 | O13: 0 | P13: 0
A14: 00023921115 | B14: COMBIGAN 0.2-0.5% OPTH SOLUTION 15ML | C14: 15 | D14: 0 | E14: -6 | F14: 0 | G14: 0 | H14: 0 | I14: 0 | J14: 0 | K14: 0 | L14: 0 | M14: 6 | O14: 0 | P14: 0
A15: 00193730850 | B15: CONTOUR NEXT STRIP DME | C15: 50 | D15: 0 | E15: 0 | F15: 0 | G15: -2 | H15: 0 | I15: 0 | J15: 0 | K15: 0 | L15: 0 | M15: 2 | O15: 0 | P15: 0
A16: 00193731150 | B16: CONTOUR NEXT TEST STRIPS | C16: 50 | D16: 0 | E16: -313 | F16: 0 | G16: -6 | H16: -28 | I16: -60 | J16: -12 | K16: 0 | L16: 0 | M16: 313 | O16: 0 | P16: 0
A17: 00032004670 | B17: CREON 6000-19000 UNIT ORAL CAPSULE DELAYED RELEASE PARTICLES | C17: 100 | D17: 0 | E17: -1.8 | F17: 0 | G17: 0 | H17: 0 | I17: 0 | J17: 0 | K17: 0 | L17: 0 | M17: 1.8 | O17: 0 | P17: 0
A18: 42023011101 | B18: DELESTROGEN 20 MG/ML INTRAMUSCULAR OIL | C18: 5 | D18: 0 | E18: 0 | F18: 0 | G18: 0 | H18: 0 | I18: -1 | J18: 0 | K18: 0 | L18: 0 | M18: 1 | O18: 0 | P18: 0
A19: 64764017530 | B19: DEXILANT 60MG CAP | C19: 30 | D19: 1 | E19: -2 | F19: 1 | G19: 1 | H19: 1 | I19: 1 | J19: 1 | K19: 1 | L19: 1 | M19: 2 | O19: 297 | P19: 594
A20: 78206012601 | B20: DULERA 200-5 MCG/ACT INH AEROSOL 13GM | C20: 13 | D20: 2 | E20: 2 | F20: 2 | G20: 2 | H20: 2 | I20: -1 | J20: 2 | K20: 2 | L20: 2 | M20: 1 | O20: 331 | P20: 331
A21: 00003089421 | B21: ELIQUIS 5MG TAB | C21: 60 | D21: 83 | E21: -5 | F21: 76 | G21: 83 | H21: 76 | I21: 74 | J21: 83 | K21: 83 | L21: 83 | M21: 5 | O21: 336 | P21: 1680
A22: 73302045601 | B22: ELLA 30 MG ORAL TABLET | C22: 1 | D22: 0 | E22: 0 | F22: 0 | G22: 0 | H22: 0 | I22: 0 | J22: -1 | K22: 0 | L22: 0 | M22: 1 | O22: 0 | P22: 0
A23: 49502010102 | B23: EPINEPHRINE (JR) 0.15MG/0.3ML INJECTION 2ML | C23: 2 | D23: 0 | E23: 0 | F23: 0 | G23: 0 | H23: 0 | I23: -2 | J23: 0 | K23: 0 | L23: 0 | M23: 2 | O23: 0 | P23: 0
... A101: 69557011130 | B101: ZTLIDO 1.8 % EXTERNAL PATCH | C101: 30 | D101: 4 | E101: -2 | F101: 4 | G101: 4 | H101: 4 | I101: 4 | J101: 4 | K101: 4 | L101: 4 | M101: 2 | O101: 372 | P101: 744
O103: Grand Total | P103: =SUBTOTAL(109,P3:P101)

Sheet Do Not Order - ALL
A1: Hil (hh) - Do Not Order
A2: NDC # | B2: Drug Name | C2: Pkg Size | D2: ARG/HUM_D | E2: CAREMARK_D | F2: EXPRESS_D | G2: FDS_D | H2: MEDIMP_D | I2: NYM_D | J2: OPTUM_D | K2: PRIMECAPRX_D | L2: RELAYHLTH_D | M2: Do Not Order | N2: Paper Work
A3: 65702072910 | B3: ACCU-CHEK GUIDE W/DEVICE KIT | C3: 1 | D3: 3 | E3: 3 | F3: 2 | G3: 3 | H3: 3 | I3: 3 | J3: 3 | K3: 3 | L3: 3 | M3: 2
A4: 00310908012 | B4: AIRSUPRA 90-80 MCG/ACT INHALATION AEROSOL | C4: 10.7 | D4: 4 | E4: 1 | F4: 3 | G4: 4 | H4: 4 | I4: 1 | J4: 4 | K4: 4 | L4: 4 | M4: 1
A5: 00173086910 | B5: ANORO ELLIPTA 62.5-25MCG/INH AEROSOL 60EA | C5: 60 | D5: 3 | E5: 1 | F5: 3 | G5: 3 | H5: 3 | I5: 3 | J5: 3 | K5: 3 | L5: 3 | M5: 1
A6: 58160084811 | B6: AREXVY 120 MCG/0.5ML INTRAMUSCULAR SUSPENSION RECONSTITUTED | C6: 10 | D6: 1 | E6: 0.8 | F6: 1 | G6: 1 | H6: 1 | I6: 1 | J6: 1 | K6: 1 | L6: 1 | M6: 0.8
A7: 00002771559 | B7: BASAGLAR KWIKPEN 100UNIT/ML INJECTION | C7: 15 | D7: 45 | E7: 9.4 | F7: 43.2 | G7: 45 | H7: 45 | I7: 43.8 | J7: 45 | K7: 45 | L7: 45 | M7: 9.4
A8: 61958250101 | B8: BIKTARVY 50-200-25MG TABLET | C8: 30 | D8: 7 | E8: 7 | F8: 6 | G8: 7 | H8: 5 | I8: 3 | J8: 7 | K8: 7 | L8: 4 | M8: 3
A9: 00173088210 | B9: BREO ELLIPTA 200-25MCG/INH AEROSOL 60EA | C9: 60 | D9: 10 | E9: 8 | F9: 10 | G9: 10 | H9: 10 | I9: 10 | J9: 10 | K9: 10 | L9: 10 | M9: 8
A10: 00310461612 | B10: BREZTRI AEROSPHERE 160-9-4.8 MCG/ACT INHALATION AEROSOL | C10: 10.7 | D10: 8 | E10: 1 | F10: 5 | G10: 8 | H10: 7 | I10: 5 | J10: 5 | K10: 8 | L10: 8 | M10: 1
A11: 00032263601 | B11: CREON 24000-76000 UNIT CAPSULE DR | C11: 100 | D11: 3 | E11: 0.3 | F11: 3 | G11: 3 | H11: 3 | I11: 3 | J11: 3 | K11: 3 | L11: 3 | M11: 0.3
A12: 00032301613 | B12: CREON 36000UNIT CAPSULE | C12: 100 | D12: 3 | E12: 0.3 | F12: 3 | G12: 3 | H12: 3 | I12: 3 | J12: 3 | K12: 3 | L12: 3 | M12: 0.3
A13: 00074732713 | B13: DEPAKOTE 500MG TABLET DELAYED RELEASE | C13: 100 | D13: 2 | E13: 2 | F13: 2 | G13: 2 | H13: 2 | I13: 0.2 | J13: 2 | K13: 2 | L13: 2 | M13: 0.2
A14: 00074740113 | B14: DEPAKOTE ER 250 MG TABLET | C14: 100 | D14: 2 | E14: 2 | F14: 2 | G14: 2 | H14: 2 | I14: 1.1 | J14: 2 | K14: 2 | L14: 2 | M14: 1.1
... A57: 00002248480 | B57: ZEPBOUND 7.5 MG/0.5ML AUTO-INJECTOR | C57: 2 | D57: 2 | E57: 1 | F57: 2 | G57: 2 | H57: 2 | I57: 2 | J57: 1 | K57: 2 | L57: 2 | M57: 1

Sheet Never Ordered - Check
A1: Hil (hh) - Never Ordered Package - Check
A2: Drug Name | B2: NDC # | C2: Pkg Size | D2: Total Purchased | E2: ALL_PBM_P
A3: AFLURIA PRESERVATIVE FREE 0.5 ML INTRAMUSCULAR SUSPENSION PREFILLED SYRINGE | B3: 33332002503 | C3: 5 | D3: 0 | E3: 0.3
A4: ALPHAGAN P 0.15 % OPHTHALMIC SOLUTION | B4: 00023917715 | C4: 15 | D4: 0 | E4: 1
A5: ARNUITY ELLIPTA 50 MCG/ACT INHAEROSOL | B5: 00173088810 | C5: 30 | D5: 0 | E5: 1
A6: CHOLESTYRAMINE LIGHT 4GM PACK | B6: 68382052960 | C6: 60 | D6: 0 | E6: 1
A7: COMBIGAN 0.2-0.5% OPTH SOLUTION 10ML | B7: 00023921110 | C7: 10 | D7: 0 | E7: 4
A8: COMBIGAN 0.2-0.5% OPTH SOLUTION 15ML | B8: 00023921115 | C8: 15 | D8: 0 | E8: 6
A9: CONTOUR NEXT STRIP DME | B9: 00193730850 | C9: 50 | D9: 0 | E9: 2
A10: CONTOUR NEXT TEST STRIPS | B10: 00193731150 | C10: 50 | D10: 0 | E10: 431
A11: CREON 6000-19000 UNIT ORAL CAPSULE DELAYED RELEASE PARTICLES | B11: 00032004670 | C11: 100 | D11: 0 | E11: 1.8
A12: DELESTROGEN 20 MG/ML INTRAMUSCULAR OIL | B12: 42023011101 | C12: 5 | D12: 0 | E12: 1
A13: ELLA 30 MG ORAL TABLET | B13: 73302045601 | C13: 1 | D13: 0 | E13: 1
A14: EPINEPHRINE (JR) 0.15MG/0.3ML INJECTION 2ML | B14: 49502010102 | C14: 2 | D14: 0 | E14: 2
... A46: ZORYVE 0.3 % EXTERNAL FOAM | B46: 80610043060 | C46: 60 | D46: 0 | E46: 4

Sheet RX Comparison - All
A1: RX Comparision Analysis (All RXs)
A2: RX | B2: Fill Date | C2: NDC | D2: Drug Name | E2: Pkg Size | F2: Qty Filled | G2: Package Billed | H2: Kinray Final Price | I2: Ins Paid | J2: SDRA Amt | K2: COPAY | L2: Total = (Ins Paid + SDRA + COPAY) | M2: Difference | N2: BIN | O2: Processor | P2: PCN | Q2: Group
A3: 133477 | B3: 46049 | C3: 59148000713 | D3: ABILIFY 5MG TABLET | E3: 30 | F3: 30 | G3: 1 | H3: 563 | I3: 570.77 | J3: 0 | K3: 0 | L3: 570.77 | M3: 7.77 | N3: 004740 | O3: NYM | P3: 9314DA31
A4: 133477 | B4: 45994 | C4: 59148000713 | D4: ABILIFY 5MG TABLET | E4: 30 | F4: 30 | G4: 1 | H4: 562 | I4: 568.37 | J4: 0 | K4: 0 | L4: 568.37 | M4: 6.37 | N4: 004740 | O4: NYM | P4: 9314DA31
A5: 133477 | B5: 46021 | C5: 59148000713 | D5: ABILIFY 5MG TABLET | E5: 30 | F5: 30 | G5: 1 | H5: 562 | I5: 568.37 | J5: 0 | K5: 0 | L5: 568.37 | M5: 6.37 | N5: 004740 | O5: NYM | P5: 9314DA31
A6: 144533 | B6: 46077 | C6: 59148000713 | D6: ABILIFY 5MG TABLET | E6: 30 | F6: 30 | G6: 1 | H6: 563 | I6: 570.77 | J6: 0 | K6: 0 | L6: 570.77 | M6: 7.77 | N6: 004740 | O6: NYM | P6: 9314DA31
A7: 124727 | B7: 46009 | C7: 65702071110 | D7: ACCU-CHEK GUIDE IN VITRO STRIP | E7: 50 | F7: 100 | G7: 2 | H7: 40 | I7: 37.37 | J7: 0 | K7: 0 | L7: 37.37 | M7: -2.63 | N7: 004336 | O7: CAREMARK | P7: ADV | Q7: RX23MD
A8: 124196 | B8: 46062 | C8: 65702071110 | D8: ACCU-CHEK GUIDE IN VITRO STRIP | E8: 50 | F8: 100 | G8: 2 | H8: 40 | I8: 35.38 | J8: 0 | K8: 0 | L8: 35.38 | M8: -4.62 | N8: 610014 | O8: EXPRESS | P8: MEDDPRIME | Q8: 2FFA
A9: 123286 | B9: 46077 | C9: 65702071110 | D9: ACCU-CHEK GUIDE IN VITRO STRIP | E9: 50 | F9: 100 | G9: 2 | H9: 40 | I9: 28.61 | J9: 0 | K9: 7.15 | L9: 35.76 | M9: -4.24 | N9: 610014 | O9: EXPRESS | P9: MEDDPRIME | Q9: 2FFA
A10: 134364 | B10: 46028 | C10: 65702071110 | D10: ACCU-CHEK GUIDE IN VITRO STRIP | E10: 50 | F10: 100 | G10: 2 | H10: 40 | I10: 39.07 | J10: 0 | K10: 0 | L10: 39.07 | M10: -0.93 | N10: 610502 | O10: CAREMARK | P10: MEDDAET | Q10: RXAETD
A11: 142639 | B11: 46063 | C11: 65702071110 | D11: ACCU-CHEK GUIDE IN VITRO STRIP | E11: 50 | F11: 100 | G11: 2 | H11: 40 | I11: 28.61 | J11: 0 | K11: 7.15 | L11: 35.76 | M11: -4.24 | N11: 610014 | O11: EXPRESS | P11: MEDDPRIME | Q11: 2FFA
A12: 107242 | B12: 46062 | C12: 65702071110 | D12: ACCU-CHEK GUIDE IN VITRO STRIP | E12: 50 | F12: 100 | G12: 2 | H12: 40 | I12: 39.07 | J12: 0 | K12: 0 | L12: 39.07 | M12: -0.93 | N12: 610502 | O12: CAREMARK | P12: MEDDAET | Q12: RXAETD
A13: 123286 | B13: 46030 | C13: 65702071110 | D13: ACCU-CHEK GUIDE IN VITRO STRIP | E13: 50 | F13: 100 | G13: 2 | H13: 40 | I13: 28.61 | J13: 0 | K13: 7.15 | L13: 35.76 | M13: -4.24 | N13: 610014 | O13: EXPRESS | P13: MEDDPRIME | Q13: 2FFA
A14: 130956 | B14: 46060 | C14: 65702071110 | D14: ACCU-CHEK GUIDE IN VITRO STRIP | E14: 50 | F14: 200 | G14: 4 | H14: 80 | I14: 71.52 | J14: 0 | K14: 0 | L14: 71.52 | M14: -8.48 | N14: 610014 | O14: EXPRESS | P14: MEDDPRIME | Q14: 2FFA
A15: 139769 | B15: 46042 | C15: 65702071110 | D15: ACCU-CHEK GUIDE IN VITRO STRIP | E15: 50 | F15: 200 | G15: 4 | H15: 80 | I15: 71.52 | J15: 0 | K15: 0 | L15: 71.52 | M15: -8.48 | N15: 610014 | O15: EXPRESS | P15: MEDDPRIME | Q15: 2FFA
A16: 139610 | B16: 46041 | C16: 65702071110 | D16: ACCU-CHEK GUIDE IN VITRO STRIP | E16: 50 | F16: 100 | G16: 2 | H16: 40 | I16: 37.37 | J16: 0 | K16: 0 | L16: 37.37 | M16: -2.63 | N16: 004336 | O16: CAREMARK | P16: ADV | Q16: RX23MD
A17: 107242 | B17: 46034 | C17: 65702071110 | D17: ACCU-CHEK GUIDE IN VITRO STRIP | E17: 50 | F17: 100 | G17: 2 | H17: 40 | I17: 39.07 | J17: 0 | K17: 0 | L17: 39.07 | M17: -0.93 | N17: 610502 | O17: CAREMARK | P17: MEDDAET | Q17: RXAETD
A18: 124196 | B18: 46007 | C18: 65702071110 | D18: ACCU-CHEK GUIDE IN VITRO STRIP | E18: 50 | F18: 100 | G18: 2 | H18: 40 | I18: 35.76 | J18: 0 | K18: 0 | L18: 35.76 | M18: -4.24 | N18: 610014 | O18: EXPRESS | P18: MEDDPRIME | Q18: 2FFA
A19: 118726 | B19: 45992 | C19: 65702071110 | D19: ACCU-CHEK GUIDE IN VITRO STRIP | E19: 50 | F19: 100 | G19: 2 | H19: 40 | I19: 28.61 | J19: 0 | K19: 7.15 | L19: 35.76 | M19: -4.24 | N19: 610014 | O19: EXPRESS | P19: MEDDPRIME | Q19: 2FFA
A20: 123286 | B20: 46014 | C20: 65702071110 | D20: ACCU-CHEK GUIDE IN VITRO STRIP | E20: 50 | F20: 100 | G20: 2 | H20: 40 | I20: 40.85 | J20: 0 | K20: 0 | L20: 40.85 | M20: 0.85 | N20: 610097 | O20: OPTUM | P20: 9999
A21: 100762 | B21: 45992 | C21: 65702071110 | D21: ACCU-CHEK GUIDE IN VITRO STRIP | E21: 50 | F21: 200 | G21: 4 | H21: 80 | I21: 67.95 | J21: 0 | K21: 7.55 | L21: 75.5 | M21: -4.5 | N21: 015581 | O21: ARG/HUM | P21: 03200000 | Q21: Y9035
A22: 141797 | B22: 46057 | C22: 65702071110 | D22: ACCU-CHEK GUIDE IN VITRO STRIP | E22: 50 | F22: 100 | G22: 2 | H22: 40 | I22: 39.07 | J22: 0 | K22: 0 | L22: 39.07 | M22: -0.93 | N22: 610502 | O22: CAREMARK | P22: MEDDAET | Q22: RXAETD
A23: 110585 | B23: 46013 | C23: 65702071110 | D23: ACCU-CHEK GUIDE IN VITRO STRIP | E23: 50 | F23: 100 | G23: 2 | H23: 40 | I23: 15.51 | J23: 0 | K23: 29.99 | L23: 45.5 | M23: 5.5 | N23: 004336 | O23: CAREMARK | P23: ADV | Q23: RX7682
A24: 124196 | B24: 46035 | C24: 65702071110 | D24: ACCU-CHEK GUIDE IN VITRO STRIP | E24: 50 | F24: 100 | G24: 2 | H24: 40 | I24: 35.38 | J24: 0 | K24: 0 | L24: 35.38 | M24: -4.62 | N24: 610014 | O24: EXPRESS | P24: MEDDPRIME | Q24: 2FFA
A25: 143274 | B25: 46066 | C25: 65702072910 | D25: ACCU-CHEK GUIDE W/DEVICE KIT | E25: 1 | F25: 1 | G25: 1 | H25: 26 | I25: 21.18 | J25: 0 | K25: 0 | L25: 21.18 | M25: -4.82 | N25: 610014 | O25: EXPRESS | P25: MEDDPRIME | Q25: 2FFA
A26: 132679 | B26: 46036 | C26: 50242014301 | D26: ACTEMRA ACTPEN 162 MG/0.9ML SUBCUTANEOUS SOLUTION AUTO-INJECTOR | E26: 0.9 | F26: 1.8 | G26: 2 | H26: 2292 | I26: 2312.48 | J26: 0 | K26: 0 | L26: 2312.48 | M26: 20.48 | N26: 004740 | O26: NYM | P26: 9314DA31
A27: 132679 | B27: 46073 | C27: 50242014301 | D27: ACTEMRA ACTPEN 162 MG/0.9ML SUBCUTANEOUS SOLUTION AUTO-INJECTOR | E27: 0.9 | F27: 1.8 | G27: 2 | H27: 2290 | I27: 2312.48 | J27: 0 | K27: 0 | L27: 2312.48 | M27: 22.48 | N27: 004740 | O27: NYM | P27: 9314DA31
A28: 132679 | B28: 46010 | C28: 50242014301 | D28: ACTEMRA ACTPEN 162 MG/0.9ML SUBCUTANEOUS SOLUTION AUTO-INJECTOR | E28: 0.9 | F28: 1.8 | G28: 2 | H28: 2290 | I28: 2302.26 | J28: 0 | K28: 0 | L28: 2302.26 | M28: 12.26 | N28: 004740 | O28: NYM | P28: 9314DA31
A29: 141921 | B29: 46057 | C29: 00173069600 | D29: ADVAIR DISKUS 250-50MCG/DOSE AEROSOL 60EA | E29: 60 | F29: 180 | G29: 3 | H29: 570 | I29: 535.32 | J29: 0 | K29: 0 | L29: 535.32 | M29: -34.68 | N29: 004336 | O29: CAREMARK | P29: MEDDADV | Q29: RX8585
A30: 120744 | B30: 46007 | C30: 00173071720 | D30: ADVAIR HFA 230-21 MCG/ACT INHALATION AEROSOL | E30: 12 | F30: 12 | G30: 1 | H30: 424 | I30: 430.91 | J30: 0 | K30: 0 | L30: 430.91 | M30: 6.91 | N30: 004740 | O30: NYM | P30: 9314DA31
A31: 143441 | B31: 46069 | C31: 00173071720 | D31: ADVAIR HFA 230-21 MCG/ACT INHALATION AEROSOL | E31: 12 | F31: 12 | G31: 1 | H31: 428 | I31: 430.83 | J31: 0 | K31: 0 | L31: 430.83 | M31: 2.83 | N31: 004740 | O31: NYM | P31: 9314DA31
A32: 120744 | B32: 46034 | C32: 00173071720 | D32: ADVAIR HFA 230-21 MCG/ACT INHALATION AEROSOL | E32: 12 | F32: 12 | G32: 1 | H32: 424 | I32: 430.86 | J32: 0 | K32: 0 | L32: 430.86 | M32: 6.86 | N32: 004740 | O32: NYM | P32: 9314DA31
A33: 134992 | B33: 46003 | C33: 33332002503 | D33: AFLURIA PRESERVATIVE FREE 0.5 ML INTRAMUSCULAR SUSPENSION PREFILLED SYRINGE | E33: 5 | F33: 0.5 | G33: 0.1 | H33: 0 | I33: 20.79 | J33: 0 | K33: 0 | L33: 20.79 | M33: 0 | N33: 004336 | O33: CAREMARK | P33: MEDDADV | Q33: RX1110
A34: 138657 | B34: 46034 | C34: 33332002503 | D34: AFLURIA PRESERVATIVE FREE 0.5 ML INTRAMUSCULAR SUSPENSION PREFILLED SYRINGE | E34: 5 | F34: 0.5 | G34: 0.1 | H34: 0 | I34: 20.98 | J34: 0 | K34: 0 | L34: 20.98 | M34: 0 | N34: 004336 | O34: CAREMARK | P34: MEDDADV | Q34: RX1110
A35: 134597 | B35: 46001 | C35: 33332002503 | D35: AFLURIA PRESERVATIVE FREE 0.5 ML INTRAMUSCULAR SUSPENSION PREFILLED SYRINGE | E35: 5 | F35: 0.5 | G35: 0.1 | H35: 0 | I35: 20.79 | J35: 0 | K35: 0 | L35: 20.79 | M35: 0 | N35: 004336 | O35: CAREMARK | P35: MEDDADV | Q35: RX1110
A36: 142197 | B36: 46059 | C36: 00310908012 | D36: AIRSUPRA 90-80 MCG/ACT INHALATION AEROSOL | E36: 10.7 | F36: 10.7 | G36: 1 | H36: 490 | I36: 436.54 | J36: 0 | K36: 30 | L36: 466.54 | M36: -23.46 | N36: 610014 | O36: EXPRESS | Q36: LOCAL74
A37: 140593 | B37: 46049 | C37: 00310908012 | D37: AIRSUPRA 90-80 MCG/ACT INHALATION AEROSOL | E37: 10.7 | F37: 10.7 | G37: 1 | H37: 486 | I37: 479.3 | J37: 0 | K37: 0 | L37: 479.3 | M37: -6.7 | N37: 004336 | O37: CAREMARK | P37: MEDDADV | Q37: RX1110
A38: 130078 | B38: 45995 | C38: 00310908012 | D38: AIRSUPRA 90-80 MCG/ACT INHALATION AEROSOL | E38: 10.7 | F38: 10.7 | G38: 1 | H38: 486 | I38: 479.37 | J38: 0 | K38: 0 | L38: 479.37 | M38: -6.63 | N38: 004740 | O38: NYM | P38: 9314DA31
A39: 137179 | B39: 46024 | C39: 00310908012 | D39: AIRSUPRA 90-80 MCG/ACT INHALATION AEROSOL | E39: 10.7 | F39: 10.7 | G39: 1 | H39: 486 | I39: 479.45 | J39: 0 | K39: 0 | L39: 479.45 | M39: -6.55 | N39: 004740 | O39: NYM | P39: 9314DA31
A40: 138774 | B40: 46034 | C40: 00310908012 | D40: AIRSUPRA 90-80 MCG/ACT INHALATION AEROSOL | E40: 10.7 | F40: 10.7 | G40: 1 | H40: 486 | I40: 474.4 | J40: 0 | K40: 4.9 | L40: 479.3 | M40: -6.7 | N40: 004336 | O40: CAREMARK | P40: MEDDADV | Q40: RX1110
A41: 142975 | B41: 46065 | C41: 00310908012 | D41: AIRSUPRA 90-80 MCG/ACT INHALATION AEROSOL | E41: 10.7 | F41: 10.7 | G41: 1 | H41: 490 | I41: 474.4 | J41: 0 | K41: 4.9 | L41: 479.3 | M41: -10.7 | N41: 004336 | O41: CAREMARK | P41: MEDDADV | Q41: RX1110
A42: 143556 | B42: 46069 | C42: 00310908012 | D42: AIRSUPRA 90-80 MCG/ACT INHALATION AEROSOL | E42: 10.7 | F42: 10.7 | G42: 1 | H42: 490 | I42: 493.53 | J42: 0 | K42: 0 | L42: 493.53 | M42: 3.53 | N42: 004740 | O42: NYM | P42: 9314DA31
A43: 121867 | B43: 46050 | C43: 00023917715 | D43: ALPHAGAN P 0.15 % OPHTHALMIC SOLUTION | E43: 15 | F43: 15 | G43: 1 | H43: 0 | I43: 607.64 | J43: 0 | K43: 0 | L43: 607.64 | M43: 0 | N43: 004740 | O43: NYM | P43: 9314DA31
A44: 140708 | B44: 46049 | C44: 00173086910 | D44: ANORO ELLIPTA 62.5-25MCG/INH AEROSOL 60EA | E44: 60 | F44: 60 | G44: 1 | H44: 471 | I44: 465.18 | J44: 0 | K44: 0 | L44: 465.18 | M44: -5.82 | N44: 004336 | O44: CAREMARK | P44: MEDDADV | Q44: RX1110
A45: 140708 | B45: 46077 | C45: 00173086910 | D45: ANORO ELLIPTA 62.5-25MCG/INH AEROSOL 60EA | E45: 60 | F45: 60 | G45: 1 | H45: 471 | I45: 465.18 | J45: 0 | K45: 0 | L45: 465.18 | M45: -5.82 | N45: 004336 | O45: CAREMARK | P45: MEDDADV | Q45: RX1110
A46: 133599 | B46: 45994 | C46: 58160084811 | D46: AREXVY 120 MCG/0.5ML INTRAMUSCULAR SUSPENSION RECONSTITUTED | E46: 10 | F46: 1 | G46: 0.1 | H46: 294.9 | I46: 288.71 | J46: 0 | K46: 0 | L46: 288.71 | M46: -6.19 | N46: 004336 | O46: CAREMARK | P46: MEDDADV | Q46: RX1110
A47: 134877 | B47: 46003 | C47: 58160084811 | D47: AREXVY 120 MCG/0.5ML INTRAMUSCULAR SUSPENSION RECONSTITUTED | E47: 10 | F47: 1 | G47: 0.1 | H47: 294.9 | I47: 306.19 | J47: 0 | K47: 0 | L47: 306.19 | M47: 11.29 | N47: 004336 | O47: CAREMARK | P47: ADV | Q47: RX23MD
A48: 140988 | B48: 46051 | C48: 00173087410 | D48: ARNUITY ELLIPTA 100 MCG/ACT INH AEROSOL | E48: 30 | F48: 90 | G48: 3 | H48: 609 | I48: 583.5 | J48: 0 | K48: 1.6 | L48: 585.1 | M48: -23.9 | N48: 004336 | O48: CAREMARK | P48: MEDDADV | Q48: RX1110
A49: 142457 | B49: 46062 | C49: 00173088810 | D49: ARNUITY ELLIPTA 50 MCG/ACT INHAEROSOL | E49: 30 | F49: 30 | G49: 1 | H49: 0 | I49: 209.76 | J49: 0 | K49: 0 | L49: 209.76 | M49: 0 | N49: 004740 | O49: NYM | P49: 9314DA31
A50: 133676 | B50: 45995 | C50: 00002771559 | D50: BASAGLAR KWIKPEN 100UNIT/ML INJECTION | E50: 15 | F50: 9 | G50: 0.6 | H50: 188.4 | I50: 181.77 | J50: 0 | K50: 0 | L50: 181.77 | M50: -6.63 | N50: 004336 | O50: CAREMARK | P50: MEDDADV | Q50: RX1110
A51: 135405 | B51: 46008 | C51: 00002771559 | D51: BASAGLAR KWIKPEN 100UNIT/ML INJECTION | E51: 15 | F51: 15 | G51: 1 | H51: 314 | I51: 303.17 | J51: 0 | K51: 0 | L51: 303.17 | M51: -10.83 | N51: 004336 | O51: CAREMARK | P51: MEDDADV | Q51: RX1110
A52: 111641 | B52: 45996 | C52: 00002771559 | D52: BASAGLAR KWIKPEN 100UNIT/ML INJECTION | E52: 15 | F52: 9 | G52: 0.6 | H52: 188.4 | I52: 198.55 | J52: 0 | K52: 0 | L52: 198.55 | M52: 10.15 | N52: 004740 | O52: NYM | P52: 9314DA31
A53: 143642 | B53: 46070 | C53: 00002771559 | D53: BASAGLAR KWIKPEN 100UNIT/ML INJECTION | E53: 15 | F53: 3 | G53: 0.2 | H53: 63.4 | I53: 72.97 | J53: 0 | K53: 0 | L53: 72.97 | M53: 9.57 | N53: 004740 | O53: NYM | P53: 9314DA31
A54: 138079 | B54: 46058 | C54: 00002771559 | D54: BASAGLAR KWIKPEN 100UNIT/ML INJECTION | E54: 15 | F54: 15 | G54: 1 | H54: 317 | I54: 309.68 | J54: 0 | K54: 0 | L54: 309.68 | M54: -7.32 | N54: 004336 | O54: CAREMARK | P54: ADV | Q54: RX1103
A55: 135233 | B55: 46007 | C55: 00002771559 | D55: BASAGLAR KWIKPEN 100UNIT/ML INJECTION | E55: 15 | F55: 18 | G55: 1.2 | H55: 376.8 | I55: 363.88 | J55: 0 | K55: 0 | L55: 363.88 | M55: -12.92 | N55: 004336 | O55: CAREMARK | P55: MEDDADV | Q55: RX1110
A56: 135422 | B56: 46008 | C56: 00002771559 | D56: BASAGLAR KWIKPEN 100UNIT/ML INJECTION | E56: 15 | F56: 6 | G56: 0.4 | H56: 125.6 | I56: 122.89 | J56: 0 | K56: 0 | L56: 122.89 | M56: -2.71 | N56: 004336 | O56: CAREMARK | P56: MEDDADV | Q56: RX1110
A57: 135066 | B57: 46062 | C57: 00002771559 | D57: BASAGLAR KWIKPEN 100UNIT/ML INJECTION | E57: 15 | F57: 6 | G57: 0.4 | H57: 126.8 | I57: 95.08 | J57: 0 | K57: 30 | L57: 125.08 | M57: -1.72 | N57: 004336 | O57: CAREMARK | P57: MEDDADV | Q57: RXCVSD
A58: 135066 | B58: 46006 | C58: 00002771559 | D58: BASAGLAR KWIKPEN 100UNIT/ML INJECTION | E58: 15 | F58: 6 | G58: 0.4 | H58: 125.6 | I58: 124.3 | J58: 0 | K58: 0 | L58: 124.3 | M58: -1.3 | N58: 004336 | O58: CAREMARK | P58: MEDDADV | Q58: RXCVSD
A59: 135033 | B59: 46006 | C59: 00002771559 | D59: BASAGLAR KWIKPEN 100UNIT/ML INJECTION | E59: 15 | F59: 9 | G59: 0.6 | H59: 188.4 | I59: 181.77 | J59: 0 | K59: 0 | L59: 181.77 | M59: -6.63 | N59: 004336 | O59: CAREMARK | P59: MEDDADV | Q59: RX1110
A60: 130848 | B60: 46060 | C60: 00002771559 | D60: BASAGLAR KWIKPEN 100UNIT/ML INJECTION | E60: 15 | F60: 6 | G60: 0.4 | H60: 126.8 | I60: 119.08 | J60: 0 | K60: 4.9 | L60: 123.98 | M60: -2.82 | N60: 004336 | O60: CAREMARK | P60: MEDDADV | Q60: RX1110
A61: 123487 | B61: 46001 | C61: 00002771559 | D61: BASAGLAR KWIKPEN 100UNIT/ML INJECTION | E61: 15 | F61: 15 | G61: 1 | H61: 314 | I61: 304.98 | J61: 0 | K61: 0 | L61: 304.98 | M61: -9.02 | N61: 004336 | O61: CAREMARK | P61: ADV | Q61: RX1103
A62: 127204 | B62: 46001 | C62: 00002771559 | D62: BASAGLAR KWIKPEN 100UNIT/ML INJECTION | E62: 15 | F62: 3 | G62: 0.2 | H62: 62.8 | I62: 61.33 | J62: 0 | K62: 0 | L62: 61.33 | M62: -1.47 | N62: 004336 | O62: CAREMARK | P62: MEDDADV | Q62: RX1110
A63: 134566 | B63: 46001 | C63: 00002771559 | D63: BASAGLAR KWIKPEN 100UNIT/ML INJECTION | E63: 15 | F63: 27 | G63: 1.8 | H63: 565.2 | I63: 545.98 | J63: 0 | K63: 0 | L63: 545.98 | M63: -19.22 | N63: 004336 | O63: CAREMARK | P63: MEDDADV | Q63: RX1110
A64: 123965 | B64: 46006 | C64: 00002771559 | D64: BASAGLAR KWIKPEN 100UNIT/ML INJECTION | E64: 15 | F64: 15 | G64: 1 | H64: 314 | I64: 311.89 | J64: 0 | K64: 0 | L64: 311.89 | M64: -2.11 | N64: 004336 | O64: CAREMARK | P64: MEDDADV | Q64: RX8541
A65: 103280 | B65: 45995 | C65: 00002771559 | D65: BASAGLAR KWIKPEN 100UNIT/ML INJECTION | E65: 15 | F65: 27 | G65: 1.8 | H65: 565.2 | I65: 533.86 | J65: 0 | K65: 10 | L65: 543.86 | M65: -21.34 | N65: 610014 | O65: EXPRESS | P65: PEU | Q65: CIGUG0002501443
... A79: 133096 | B79: 45992 | C79: 00002771559 | D79: BASAGLAR KWIKPEN 100UNIT/ML INJECTION | E79: 15 | F79: 15 | G79: 1 | H79: 314 | I79: 303.17 | J79: 0 | K79: 0 | L79: 303.17 | M79: -10.83 | N79: 004336 | O79: CAREMARK | P79: MEDDADV | Q79: RX1110
A80: 120446 | B80: 46039 | C80: 00002771559 | D80: BASAGLAR KWIKPEN 100UNIT/ML INJECTION | E80: 15 | F80: 3 | G80: 0.2 | H80: 63 | I80: 72.97 | J80: 0 | K80: 0 | L80: 72.97 | M80: 9.97 | N80: 004740 | O80: NYM | P80: 9314DA31
A81: 118919 | B81: 46057 | C81: 00002771559 | D81: BASAGLAR KWIKPEN 100UNIT/ML INJECTION | E81: 15 | F81: 9 | G81: 0.6 | H81: 190.2 | I81: 178.24 | J81: 0 | K81: 0 | L81: 178.24 | M81: -11.96 | N81: 004336 | O81: CAREMARK | P81: MEDDADV | Q81: RX8585
A82: 126683 | B82: 46022 | C82: 00002771559 | D82: BASAGLAR KWIKPEN 100UNIT/ML INJECTION | E82: 15 | F82: 15 | G82: 1 | H82: 314 | I82: 307.58 | J82: 0 | K82: 0 | L82: 307.58 | M82: -6.42 | N82: 004336 | O82: CAREMARK | P82: MEDDADV | Q82: RX1110
A83: 133260 | B83: 46021 | C83: 00002771559 | D83: BASAGLAR KWIKPEN 100UNIT/ML INJECTION | E83: 15 | F83: 9 | G83: 0.6 | H83: 188.4 | I83: 184.45 | J83: 0 | K83: 0 | L83: 184.45 | M83: -3.95 | N83: 004336 | O83: CAREMARK | P83: MEDDADV | Q83: RX1110
A84: 133260 | B84: 46049 | C84: 00002771559 | D84: BASAGLAR KWIKPEN 100UNIT/ML INJECTION | E84: 15 | F84: 9 | G84: 0.6 | H84: 189 | I84: 181.2 | J84: 0 | K84: 4.9 | L84: 186.1 | M84: -2.9 | N84: 004336 | O84: CAREMARK | P84: MEDDADV | Q84: RX1110
A85: 125568 | B85: 46020 | C85: 00002771559 | D85: BASAGLAR KWIKPEN 100UNIT/ML INJECTION | E85: 15 | F85: 63 | G85: 4.2 | H85: 1318.8 | I85: 1256.46 | J85: 0 | K85: 4.8 | L85: 1261.26 | M85: -57.54 | N85: 004336 | O85: CAREMARK | P85: MEDDADV | Q85: RX8585
A86: 120446 | B86: 46013 | C86: 00002771559 | D86: BASAGLAR KWIKPEN 100UNIT/ML INJECTION | E86: 15 | F86: 3 | G86: 0.2 | H86: 62.8 | I86: 72.97 | J86: 0 | K86: 0 | L86: 72.97 | M86: 10.17 | N86: 004740 | O86: NYM | P86: 9314DA31
A87: 124453 | B87: 46011 | C87: 00002771559 | D87: BASAGLAR KWIKPEN 100UNIT/ML INJECTION | E87: 15 | F87: 27 | G87: 1.8 | H87: 565.2 | I87: 545.98 | J87: 0 | K87: 0 | L87: 545.98 | M87: -19.22 | N87: 004336 | O87: CAREMARK | P87: MEDDADV | Q87: RX1110
A88: 136551 | B88: 46017 | C88: 00002771559 | D88: BASAGLAR KWIKPEN 100UNIT/ML INJECTION | E88: 15 | F88: 24 | G88: 1.6 | H88: 502.4 | I88: 485.28 | J88: 0 | K88: 0 | L88: 485.28 | M88: -17.12 | N88: 004336 | O88: CAREMARK | P88: MEDDADV | Q88: RX1110
A89: 125147 | B89: 46013 | C89: 00002771559 | D89: BASAGLAR KWIKPEN 100UNIT/ML INJECTION | E89: 15 | F89: 6 | G89: 0.4 | H89: 125.6 | I89: 119.34 | J89: 0 | K89: 4.8 | L89: 124.14 | M89: -1.46 | N89: 004336 | O89: CAREMARK | P89: MEDDADV | Q89: RX8585
A90: 124918 | B90: 46017 | C90: 00002771559 | D90: BASAGLAR KWIKPEN 100UNIT/ML INJECTION | E90: 15 | F90: 33 | G90: 2.2 | H90: 690.8 | I90: 660.5 | J90: 0 | K90: 0 | L90: 660.5 | M90: -30.3 | N90: 004336 | O90: CAREMARK | P90: MEDDADV | Q90: RX8585
A91: 141043 | B91: 46051 | C91: 00002771559 | D91: BASAGLAR KWIKPEN 100UNIT/ML INJECTION | E91: 15 | F91: 9 | G91: 0.6 | H91: 189 | I91: 177.76 | J91: 0 | K91: 0 | L91: 177.76 | M91: -11.24 | N91: 004336 | O91: CAREMARK | P91: ADV | Q91: RX7682
A92: 133260 | B92: 45993 | C92: 00002771559 | D92: BASAGLAR KWIKPEN 100UNIT/ML INJECTION | E92: 15 | F92: 9 | G92: 0.6 | H92: 188.4 | I92: 184.45 | J92: 0 | K92: 0 | L92: 184.45 | M92: -3.95 | N92: 004336 | O92: CAREMARK | P92: MEDDADV | Q92: RX1110
A93: 129638 | B93: 46051 | C93: 00002771559 | D93: BASAGLAR KWIKPEN 100UNIT/ML INJECTION | E93: 15 | F93: 9 | G93: 0.6 | H93: 189 | I93: 178.04 | J93: 0 | K93: 4.9 | L93: 182.94 | M93: -6.06 | N93: 004336 | O93: CAREMARK | P93: MEDDADV | Q93: RX1110
A94: 129795 | B94: 45994 | C94: 61958250101 | D94: BIKTARVY 50-200-25MG TABLET | E94: 30 | F94: 30 | G94: 1 | H94: 4111 | I94: 4111.21 | J94: 0 | K94: 0 | L94: 4111.21 | M94: 0.21 | N94: 004740 | O94: NYM | P94: 9314DA31
A95: 135421 | B95: 46008 | C95: 61958250101 | D95: BIKTARVY 50-200-25MG TABLET | E95: 30 | F95: 30 | G95: 1 | H95: 4111 | I95: 3769.19 | J95: 0 | K95: 0 | L95: 3769.19 | M95: -341.81 | N95: 610014 | O95: EXPRESS | P95: MEDDPRIME
A96: 134334 | B96: 46000 | C96: 61958250101 | D96: BIKTARVY 50-200-25MG TABLET | E96: 30 | F96: 30 | G96: 1 | H96: 4111 | I96: 4202.74 | J96: 0 | K96: 0 | L96: 4202.74 | M96: 91.74 | N96: 610490 | O96: RELAYHLTH | P96: ADAP01
A97: 137695 | B97: 46028 | C97: 61958250101 | D97: BIKTARVY 50-200-25MG TABLET | E97: 30 | F97: 30 | G97: 1 | H97: 4111 | I97: 4202.74 | J97: 0 | K97: 0 | L97: 4202.74 | M97: 91.74 | N97: 610490 | O97: RELAYHLTH | P97: ADAP01
A98: 135421 | B98: 46051 | C98: 61958250101 | D98: BIKTARVY 50-200-25MG TABLET | E98: 30 | F98: 30 | G98: 1 | H98: 4111 | I98: 3992.11 | J98: 0 | K98: 4.9 | L98: 3997.01 | M98: -113.99 | N98: 015574 | O98: MEDIMP | P98: ASPROD1 | Q98: VNS01
A99: 141611 | B99: 46056 | C99: 61958250101 | D99: BIKTARVY 50-200-25MG TABLET | E99: 30 | F99: 30 | G99: 1 | H99: 4111 | I99: 4202.74 | J99: 0 | K99: 0 | L99: 4202.74 | M99: 91.74 | N99: 610490 | O99: RELAYHLTH | P99: ADAP01
A100: 135421 | B100: 46024 | C100: 61958250101 | D100: BIKTARVY 50-200-25MG TABLET | E100: 30 | F100: 30 | G100: 1 | H100: 4111 | I100: 3992.11 | J100: 0 | K100: 4.9 | L100: 3997.01 | M100: -113.99 | N100: 015574 | O100: MEDIMP | P100: ASPROD1 | Q100: VNS01
A101: 129795 | B101: 46022 | C101: 61958250101 | D101: BIKTARVY 50-200-25MG TABLET | E101: 30 | F101: 30 | G101: 1 | H101: 4111 | I101: 4111.27 | J101: 0 | K101: 0 | L101: 4111.27 | M101: 0.27 | N101: 004740 | O101: NYM | P101: 9314DA31
A102: 140799 | B102: 46050 | C102: 61958250101 | D102: BIKTARVY 50-200-25MG TABLET | E102: 30 | F102: 30 | G102: 1 | H102: 4111 | I102: 4111.27 | J102: 0 | K102: 0 | L102: 4111.27 | M102: 0.27 | N102: 004740 | O102: NYM | P102: 9314DA31
A103: 103554 | B103: 46045 | C103: 61958250101 | D103: BIKTARVY 50-200-25MG TABLET | E103: 30 | F103: 30 | G103: 1 | H103: 4111 | I103: 4111.27 | J103: 0 | K103: 0 | L103: 4111.27 | M103: 0.27 | N103: 004740 | O103: NYM | P103: 9314DA31
A104: 143455 | B104: 46069 | C104: 00173085910 | D104: BREO ELLIPTA 100-25 MCG/ACT INH AEROSOL | E104: 60 | F104: 60 | G104: 1 | H104: 393 | I104: 387.27 | J104: 0 | K104: 0 | L104: 387.27 | M104: -5.73 | N104: 004336 | O104: CAREMARK | P104: MEDDADV | Q104: RX1110
A105: 132801 | B105: 46034 | C105: 00173085910 | D105: BREO ELLIPTA 100-25 MCG/ACT INH AEROSOL | E105: 60 | F105: 60 | G105: 1 | H105: 393 | I105: 383.09 | J105: 0 | K105: 0 | L105: 383.09 | M105: -9.91 | N105: 015599 | O105: ARG/HUM | P105: 05440000
A106: 132801 | B106: 46070 | C106: 00173085910 | D106: BREO ELLIPTA 100-25 MCG/ACT INH AEROSOL | E106: 60 | F106: 60 | G106: 1 | H106: 393 | I106: 360.14 | J106: 0 | K106: 0 | L106: 360.14 | M106: -32.86 | N106: 610014 | O106: EXPRESS | P106: MEDDPRIME | Q106: 2FFA
A107: 121121 | B107: 46072 | C107: 00173085910 | D107: BREO ELLIPTA 100-25 MCG/ACT INH AEROSOL | E107: 60 | F107: 180 | G107: 3 | H107: 1179 | I107: 1143.12 | J107: 0 | K107: 0 | L107: 1143.12 | M107: -35.88 | N107: 004336 | O107: CAREMARK | P107: MEDDADV | Q107: RX1110
A108: 140750 | B108: 46049 | C108: 00173085910 | D108: BREO ELLIPTA 100-25 MCG/ACT INH AEROSOL | E108: 60 | F108: 180 | G108: 3 | H108: 1179 | I108: 1143.12 | J108: 0 | K108: 0 | L108: 1143.12 | M108: -35.88 | N108: 004336 | O108: CAREMARK | P108: MEDDADV | Q108: RX1110
A109: 133067 | B109: 45992 | C109: 00173085910 | D109: BREO ELLIPTA 100-25 MCG/ACT INH AEROSOL | E109: 60 | F109: 180 | G109: 3 | H109: 1176 | I109: 1135.79 | J109: 0 | K109: 0 | L109: 1135.79 | M109: -40.21 | N109: 004336 | O109: CAREMARK | P109: MEDDADV | Q109: RX1110
A110: 123729 | B110: 46006 | C110: 00173085910 | D110: BREO ELLIPTA 100-25 MCG/ACT INH AEROSOL | E110: 60 | F110: 180 | G110: 3 | H110: 1176 | I110: 1135.79 | J110: 0 | K110: 0 | L110: 1135.79 | M110: -40.21 | N110: 004336 | O110: CAREMARK | P110: MEDDADV | Q110: RX1110
A111: 121349 | B111: 46014 | C111: 00173088210 | D111: BREO ELLIPTA 200-25MCG/INH AEROSOL 60EA | E111: 60 | F111: 60 | G111: 1 | H111: 392 | I111: 383.85 | J111: 0 | K111: 0 | L111: 383.85 | M111: -8.15 | N111: 004336 | O111: CAREMARK | P111: MEDDADV | Q111: RX1110
A112: 121349 | B112: 46048 | C112: 00173088210 | D112: BREO ELLIPTA 200-25MCG/INH AEROSOL 60EA | E112: 60 | F112: 60 | G112: 1 | H112: 392 | I112: 387.27 | J112: 0 | K112: 0 | L112: 387.27 | M112: -4.73 | N112: 004336 | O112: CAREMARK | P112: MEDDADV | Q112: RX1110
A113: 136231 | B113: 46070 | C113: 00310461612 | D113: BREZTRI AEROSPHERE 160-9-4.8 MCG/ACT INHALATION AEROSOL | E113: 10.7 | F113: 10.7 | G113: 1 | H113: 666 | I113: 665.62 | J113: 0 | K113: 0 | L113: 665.62 | M113: -0.38 | N113: 004740 | O113: NYM | P113: 9314DA31
...

Sheet RX Comparison +ve
A1: RX Comparision +ve Analysis (All RXs)
A2: RX | B2: Fill Date | C2: NDC | D2: Drug Name | E2: Pkg Size | F2: Qty Filled | G2: Package Billed | H2: Kinray Final Price | I2: Ins Paid | J2: SDRA Amt | K2: COPAY | L2: Total = (Ins Paid + SDRA + COPAY) | M2: Difference | N2: BIN | O2: Processor | P2: PCN | Q2: Group
A3: 133477 | B3: 46021 | C3: 59148000713 | D3: ABILIFY 5MG TABLET | E3: 30 | F3: 30 | G3: 1 | H3: 562 | I3: 568.37 | J3: 0 | K3: 0 | L3: 568.37 | M3: 6.37 | N3: 004740 | O3: NYM | P3: 9314DA31
A4: 144533 | B4: 46077 | C4: 59148000713 | D4: ABILIFY 5MG TABLET | E4: 30 | F4: 30 | G4: 1 | H4: 563 | I4: 570.77 | J4: 0 | K4: 0 | L4: 570.77 | M4: 7.77 | N4: 004740 | O4: NYM | P4: 9314DA31
A5: 133477 | B5: 45994 | C5: 59148000713 | D5: ABILIFY 5MG TABLET | E5: 30 | F5: 30 | G5: 1 | H5: 562 | I5: 568.37 | J5: 0 | K5: 0 | L5: 568.37 | M5: 6.37 | N5: 004740 | O5: NYM | P5: 9314DA31
A6: 133477 | B6: 46049 | C6: 59148000713 | D6: ABILIFY 5MG TABLET | E6: 30 | F6: 30 | G6: 1 | H6: 563 | I6: 570.77 | J6: 0 | K6: 0 | L6: 570.77 | M6: 7.77 | N6: 004740 | O6: NYM | P6: 9314DA31
A7: 123286 | B7: 46014 | C7: 65702071110 | D7: ACCU-CHEK GUIDE IN VITRO STRIP | E7: 50 | F7: 100 | G7: 2 | H7: 40 | I7: 40.85 | J7: 0 | K7: 0 | L7: 40.85 | M7: 0.85 | N7: 610097 | O7: OPTUM | P7: 9999
A8: 110585 | B8: 46013 | C8: 65702071110 | D8: ACCU-CHEK GUIDE IN VITRO STRIP | E8: 50 | F8: 100 | G8: 2 | H8: 40 | I8: 15.51 | J8: 0 | K8: 29.99 | L8: 45.5 | M8: 5.5 | N8: 004336 | O8: CAREMARK | P8: ADV | Q8: RX7682
A9: 132679 | B9: 46073 | C9: 50242014301 | D9: ACTEMRA ACTPEN 162 MG/0.9ML SUBCUTANEOUS SOLUTION AUTO-INJECTOR | E9: 0.9 | F9: 1.8 | G9: 2 | H9: 2290 | I9: 2312.48 | J9: 0 | K9: 0 | L9: 2312.48 | M9: 22.48 | N9: 004740 | O9: NYM | P9: 9314DA31
A10: 132679 | B10: 46010 | C10: 50242014301 | D10: ACTEMRA ACTPEN 162 MG/0.9ML SUBCUTANEOUS SOLUTION AUTO-INJECTOR | E10: 0.9 | F10: 1.8 | G10: 2 | H10: 2290 | I10: 2302.26 | J10: 0 | K10: 0 | L10: 2302.26 | M10: 12.26 | N10: 004740 | O10: NYM | P10: 9314DA31
A11: 132679 | B11: 46036 | C11: 50242014301 | D11: ACTEMRA ACTPEN 162 MG/0.9ML SUBCUTANEOUS SOLUTION AUTO-INJECTOR | E11: 0.9 | F11: 1.8 | G11: 2 | H11: 2292 | I11: 2312.48 | J11: 0 | K11: 0 | L11: 2312.48 | M11: 20.48 | N11: 004740 | O11: NYM | P11: 9314DA31
A12: 120744 | B12: 46034 | C12: 00173071720 | D12: ADVAIR HFA 230-21 MCG/ACT INHALATION AEROSOL | E12: 12 | F12: 12 | G12: 1 | H12: 424 | I12: 430.86 | J12: 0 | K12: 0 | L12: 430.86 | M12: 6.86 | N12: 004740 | O12: NYM | P12: 9314DA31
A13: 120744 | B13: 46007 | C13: 00173071720 | D13: ADVAIR HFA 230-21 MCG/ACT INHALATION AEROSOL | E13: 12 | F13: 12 | G13: 1 | H13: 424 | I13: 430.91 | J13: 0 | K13: 0 | L13: 430.91 | M13: 6.91 | N13: 004740 | O13: NYM | P13: 9314DA31
A14: 143441 | B14: 46069 | C14: 00173071720 | D14: ADVAIR HFA 230-21 MCG/ACT INHALATION AEROSOL | E14: 12 | F14: 12 | G14: 1 | H14: 428 | I14: 430.83 | J14: 0 | K14: 0 | L14: 430.83 | M14: 2.83 | N14: 004740 | O14: NYM | P14: 9314DA31
A15: 143556 | B15: 46069 | C15: 00310908012 | D15: AIRSUPRA 90-80 MCG/ACT INHALATION AEROSOL | E15: 10.7 | F15: 10.7 | G15: 1 | H15: 490 | I15: 493.53 | J15: 0 | K15: 0 | L15: 493.53 | M15: 3.53 | N15: 004740 | O15: NYM | P15: 9314DA31
A16: 134877 | B16: 46003 | C16: 58160084811 | D16: AREXVY 120 MCG/0.5ML INTRAMUSCULAR SUSPENSION RECONSTITUTED | E16: 10 | F16: 1 | G16: 0.1 | H16: 294.9 | I16: 306.19 | J16: 0 | K16: 0 | L16: 306.19 | M16: 11.29 | N16: 004336 | O16: CAREMARK | P16: ADV | Q16: RX23MD
A17: 111641 | B17: 45996 | C17: 00002771559 | D17: BASAGLAR KWIKPEN 100UNIT/ML INJECTION | E17: 15 | F17: 9 | G17: 0.6 | H17: 188.4 | I17: 198.55 | J17: 0 | K17: 0 | L17: 198.55 | M17: 10.15 | N17: 004740 | O17: NYM | P17: 9314DA31
A18: 120446 | B18: 46039 | C18: 00002771559 | D18: BASAGLAR KWIKPEN 100UNIT/ML INJECTION | E18: 15 | F18: 3 | G18: 0.2 | H18: 63 | I18: 72.97 | J18: 0 | K18: 0 | L18: 72.97 | M18: 9.97 | N18: 004740 | O18: NYM | P18: 9314DA31
A19: 143642 | B19: 46070 | C19: 00002771559 | D19: BASAGLAR KWIKPEN 100UNIT/ML INJECTION | E19: 15 | F19: 3 | G19: 0.2 | H19: 63.4 | I19: 72.97 | J19: 0 | K19: 0 | L19: 72.97 | M19: 9.57 | N19: 004740 | O19: NYM | P19: 9314DA31
A20: 120446 | B20: 46013 | C20: 00002771559 | D20: BASAGLAR KWIKPEN 100UNIT/ML INJECTION | E20: 15 | F20: 3 | G20: 0.2 | H20: 62.8 | I20: 72.97 | J20: 0 | K20: 0 | L20: 72.97 | M20: 10.17 | N20: 004740 | O20: NYM | P20: 9314DA31
A21: 134334 | B21: 46000 | C21: 61958250101 | D21: BIKTARVY 50-200-25MG TABLET | E21: 30 | F21: 30 | G21: 1 | H21: 4111 | I21: 4202.74 | J21: 0 | K21: 0 | L21: 4202.74 | M21: 91.74 | N21: 610490 | O21: RELAYHLTH | P21: ADAP01
A22: 141611 | B22: 46056 | C22: 61958250101 | D22: BIKTARVY 50-200-25MG TABLET | E22: 30 | F22: 30 | G22: 1 | H22: 4111 | I22: 4202.74 | J22: 0 | K22: 0 | L22: 4202.74 | M22: 91.74 | N22: 610490 | O22: RELAYHLTH | P22: ADAP01
A23: 103554 | B23: 46045 | C23: 61958250101 | D23: BIKTARVY 50-200-25MG TABLET | E23: 30 | F23: 30 | G23: 1 | H23: 4111 | I23: 4111.27 | J23: 0 | K23: 0 | L23: 4111.27 | M23: 0.27 | N23: 004740 | O23: NYM | P23: 9314DA31
A24: 140799 | B24: 46050 | C24: 61958250101 | D24: BIKTARVY 50-200-25MG TABLET | E24: 30 | F24: 30 | G24: 1 | H24: 4111 | I24: 4111.27 | J24: 0 | K24: 0 | L24: 4111.27 | M24: 0.27 | N24: 004740 | O24: NYM | P24: 9314DA31
A25: 137695 | B25: 46028 | C25: 61958250101 | D25: BIKTARVY 50-200-25MG TABLET | E25: 30 | F25: 30 | G25: 1 | H25: 4111 | I25: 4202.74 | J25: 0 | K25: 0 | L25: 4202.74 | M25: 91.74 | N25: 610490 | O25: RELAYHLTH | P25: ADAP01
A26: 129795 | B26: 46022 | C26: 61958250101 | D26: BIKTARVY 50-200-25MG TABLET | E26: 30 | F26: 30 | G26: 1 | H26: 4111 | I26: 4111.27 | J26: 0 | K26: 0 | L26: 4111.27 | M26: 0.27 | N26: 004740 | O26: NYM | P26: 9314DA31
A27: 129795 | B27: 45994 | C27: 61958250101 | D27: BIKTARVY 50-200-25MG TABLET | E27: 30 | F27: 30 | G27: 1 | H27: 4111 | I27: 4111.21 | J27: 0 | K27: 0 | L27: 4111.21 | M27: 0.21 | N27: 004740 | O27: NYM | P27: 9314DA31
A28: 136231 | B28: 46014 | C28: 00310461612 | D28: BREZTRI AEROSPHERE 160-9-4.8 MCG/ACT INHALATION AEROSOL | E28: 10.7 | F28: 10.7 | G28: 1 | H28: 640 | I28: 646.52 | J28: 0 | K28: 0 | L28: 646.52 | M28: 6.52 | N28: 004740 | O28: NYM | P28: 9314DA31
A29: 136231 | B29: 46042 | C29: 00310461612 | D29: BREZTRI AEROSPHERE 160-9-4.8 MCG/ACT INHALATION AEROSOL | E29: 10.7 | F29: 10.7 | G29: 1 | H29: 640 | I29: 665.62 | J29: 0 | K29: 0 | L29: 665.62 | M29: 25.62 | N29: 004740 | O29: NYM | P29: 9314DA31
A30: 132695 | B30: 45999 | C30: 00310461612 | D30: BREZTRI AEROSPHERE 160-9-4.8 MCG/ACT INHALATION AEROSOL | E30: 10.7 | F30: 32.1 | G30: 3 | H30: 1920 | I30: 1999.41 | J30: 0 | K30: 0 | L30: 1999.41 | M30: 79.41 | N30: 610097 | O30: OPTUM | P30: 9999 | Q30: MPDCSP
A31: 107350 | B31: 46036 | C31: 00310461612 | D31: BREZTRI AEROSPHERE 160-9-4.8 MCG/ACT INHALATION AEROSOL | E31: 10.7 | F31: 10.7 | G31: 1 | H31: 640 | I31: 651.07 | J31: 0 | K31: 0 | L31: 651.07 | M31: 11.07 | N31: 004336 | O31: CAREMARK | P31: MEDDADV | Q31: RX1110
A32: 131361 | B32: 46034 | C32: 00310461612 | D32: BREZTRI AEROSPHERE 160-9-4.8 MCG/ACT INHALATION AEROSOL | E32: 10.7 | F32: 10.7 | G32: 1 | H32: 640 | I32: 651.07 | J32: 0 | K32: 0 | L32: 651.07 | M32: 11.07 | N32: 004336 | O32: CAREMARK | P32: MEDDADV | Q32: RX1110
A33: 110250 | B33: 46072 | C33: 00310737220 | D33: BUDESONIDE-FORMOTEROL FUMARATE 80-4.5MCG/ACT AEROSOL | E33: 10.2 | F33: 30.6 | G33: 3 | H33: 417 | I33: 453.15 | J33: 0 | K33: 1.6 | L33: 454.75 | M33: 37.75 | N33: 610014 | O33: EXPRESS | P33: MEDDPRIME | Q33: 2FFA
A34: 131073 | B34: 46002 | C34: 00310737220 | D34: BUDESONIDE-FORMOTEROL FUMARATE 80-4.5MCG/ACT AEROSOL | E34: 10.2 | F34: 10.2 | G34: 1 | H34: 139 | I34: 156.06 | J34: 0 | K34: 0 | L34: 156.06 | M34: 17.06 | N34: 015574 | O34: MEDIMP | P34: ASPROD1 | Q34: VNS01
A35: 137969 | B35: 46029 | C35: 00310737220 | D35: BUDESONIDE-FORMOTEROL FUMARATE 80-4.5MCG/ACT AEROSOL | E35: 10.2 | F35: 10.2 | G35: 1 | H35: 139 | I35: 135.1 | J35: 0 | K35: 6 | L35: 141.1 | M35: 2.1 | N35: 004336 | O35: CAREMARK | P35: ADV | Q35: RX1103
A36: 134075 | B36: 45997 | C36: 00310737220 | D36: BUDESONIDE-FORMOTEROL FUMARATE 80-4.5MCG/ACT AEROSOL | E36: 10.2 | F36: 10.2 | G36: 1 | H36: 139 | I36: 190.61 | J36: 0 | K36: 0 | L36: 190.61 | M36: 51.61 | N36: 610502 | O36: CAREMARK | P36: MEDDAET | Q36: RXAETD
A37: 131073 | B37: 46030 | C37: 00310737220 | D37: BUDESONIDE-FORMOTEROL FUMARATE 80-4.5MCG/ACT AEROSOL | E37: 10.2 | F37: 10.2 | G37: 1 | H37: 139 | I37: 154.41 | J37: 0 | K37: 1.6 | L37: 156.01 | M37: 17.01 | N37: 015574 | O37: MEDIMP | P37: ASPROD1 | Q37: VNS01
A38: 131073 | B38: 46058 | C38: 00310737220 | D38: BUDESONIDE-FORMOTEROL FUMARATE 80-4.5MCG/ACT AEROSOL | E38: 10.2 | F38: 10.2 | G38: 1 | H38: 139 | I38: 154.41 | J38: 0 | K38: 1.6 | L38: 156.01 | M38: 17.01 | N38: 015574 | O38: MEDIMP | P38: ASPROD1 | Q38: VNS01
A39: 137969 | B39: 46057 | C39: 00310737220 | D39: BUDESONIDE-FORMOTEROL FUMARATE 80-4.5MCG/ACT AEROSOL | E39: 10.2 | F39: 10.2 | G39: 1 | H39: 139 | I39: 140.1 | J39: 0 | K39: 1 | L39: 141.1 | M39: 2.1 | N39: 004336 | O39: CAREMARK | P39: ADV | Q39: RX1103
A40: 137336 | B40: 46024 | C40: 00310737220 | D40: BUDESONIDE-FORMOTEROL FUMARATE 80-4.5MCG/ACT AEROSOL | E40: 10.2 | F40: 10.2 | G40: 1 | H40: 139 | I40: 80.85 | J40: 357.59 | K40: 15 | L40: 453.44 | M40: 314.44 | N40: 020099 | O40: CAREMARK | P40: WG | Q40: WLDA
A41: 134340 | B41: 46056 | C41: 00310737020 | D41: BUDESONIDE/FORMOTEROL 160 /4.5 MCG (SYMBICORT) | E41: 10.2 | F41: 10.2 | G41: 1 | H41: 180 | I41: 209.2 | J41: 0 | K41: 10 | L41: 219.2 | M41: 39.2 | N41: 004336 | O41: CAREMARK | P41: MEDDADV | Q41: RXCVSD
... A43: 107813 | B43: 46076 | C43: 00310737020 | D43: BUDESONIDE/FORMOTEROL 160 /4.5 MCG (SYMBICORT) | E43: 10.2 | F43: 10.2 | G43: 1 | H43: 180 | I43: 182.38 | J43: 0 | K43: 5 | L43: 187.38 | M43: 7.38 | N43: 610014 | O43: EXPRESS | P43: PEU | Q43: SSEU371
A44: 143747 | B44: 46071 | C44: 00074732713 | D44: DEPAKOTE 500MG TABLET DELAYED RELEASE | E44: 100 | F44: 60 | G44: 0.6 | H44: 430.2 | I44: 458.27 | J44: 0 | K44: 0 | L44: 458.27 | M44: 28.07 | N44: 004740 | O44: NYM | P44: 9314DA31
A45: 129248 | B45: 46015 | C45: 00074732713 | D45: DEPAKOTE 500MG TABLET DELAYED RELEASE | E45: 100 | F45: 60 | G45: 0.6 | H45: 430.2 | I45: 436.93 | J45: 0 | K45: 0 | L45: 436.93 | M45: 6.73 | N45: 004740 | O45: NYM | P45: 9314DA31
A46: 129248 | B46: 46043 | C46: 00074732713 | D46: DEPAKOTE 500MG TABLET DELAYED RELEASE | E46: 100 | F46: 60 | G46: 0.6 | H46: 430.2 | I46: 458.27 | J46: 0 | K46: 0 | L46: 458.27 | M46: 28.07 | N46: 004740 | O46: NYM | P46: 9314DA31
A47: 129247 | B47: 46015 | C47: 00074740113 | D47: DEPAKOTE ER 250 MG TABLET | E47: 100 | F47: 30 | G47: 0.3 | H47: 105.9 | I47: 115.53 | J47: 0 | K47: 0 | L47: 115.53 | M47: 9.63 | N47: 004740 | O47: NYM | P47: 9314DA31
A48: 143746 | B48: 46071 | C48: 00074740113 | D48: DEPAKOTE ER 250 MG TABLET | E48: 100 | F48: 30 | G48: 0.3 | H48: 105.9 | I48: 120.79 | J48: 0 | K48: 0 | L48: 120.79 | M48: 14.89 | N48: 004740 | O48: NYM | P48: 9314DA31
A49: 129247 | B49: 46043 | C49: 00074740113 | D49: DEPAKOTE ER 250 MG TABLET | E49: 100 | F49: 30 | G49: 0.3 | H49: 105.9 | I49: 120.79 | J49: 0 | K49: 0 | L49: 120.79 | M49: 14.89 | N49: 004740 | O49: NYM | P49: 9314DA31
A50: 140651 | B50: 46049 | C50: 08627007701 | D50: DEXCOM G7 SENSOR | E50: 1 | F50: 3 | G50: 3 | H50: 387 | I50: 387.87 | J50: 0 | K50: 0 | L50: 387.87 | M50: 0.87 | N50: 004740 | O50: NYM | P50: 9314DA31
A51: 140651 | B51: 46077 | C51: 08627007701 | D51: DEXCOM G7 SENSOR | E51: 1 | F51: 3 | G51: 3 | H51: 387 | I51: 387.87 | J51: 0 | K51: 0 | L51: 387.87 | M51: 0.87 | N51: 004740 | O51: NYM | P51: 9314DA31
A52: 126260 | B52: 45993 | C52: 08627007701 | D52: DEXCOM G7 SENSOR | E52: 1 | F52: 3 | G52: 3 | H52: 378 | I52: 349.71 | J52: 0 | K52: 30 | L52: 379.71 | M52: 1.71 | N52: 610011 | O52: OPTUM | P52: IRX | Q52: 32BJRX
A53: 129582 | B53: 46056 | C53: 08627007701 | D53: DEXCOM G7 SENSOR | E53: 1 | F53: 3 | G53: 3 | H53: 387 | I53: 387.87 | J53: 0 | K53: 0 | L53: 387.87 | M53: 0.87 | N53: 004740 | O53: NYM | P53: 9314DA31
A54: 126260 | B54: 46021 | C54: 08627007701 | D54: DEXCOM G7 SENSOR | E54: 1 | F54: 3 | G54: 3 | H54: 378 | I54: 349.71 | J54: 0 | K54: 30 | L54: 379.71 | M54: 1.71 | N54: 610011 | O54: OPTUM | P54: IRX | Q54: 32BJRX
A55: 129582 | B55: 46028 | C55: 08627007701 | D55: DEXCOM G7 SENSOR | E55: 1 | F55: 3 | G55: 3 | H55: 387 | I55: 387.87 | J55: 0 | K55: 0 | L55: 387.87 | M55: 0.87 | N55: 004740 | O55: NYM | P55: 9314DA31
A56: 136063 | B56: 46013 | C56: 65162099708 | D56: DOTTI 0.1 MG/24HR TRANSDERMAL PATCH TWICE WEEKLY | E56: 8 | F56: 8 | G56: 1 | H56: 49 | I56: 63.39 | J56: 0 | K56: 1 | L56: 64.39 | M56: 15.39 | N56: 004740 | O56: NYM | P56: 9314DA31
A57: 116500 | B57: 46065 | C57: 49702024613 | D57: DOVATO 50-300 MG ORAL TABLET | E57: 30 | F57: 30 | G57: 1 | H57: 3018 | I57: 3092.9 | J57: 0 | K57: 0 | L57: 3092.9 | M57: 74.9 | N57: 004336 | O57: CAREMARK | P57: MEDDADV | Q57: RX1110
A58: 116500 | B58: 46037 | C58: 49702024613 | D58: DOVATO 50-300 MG ORAL TABLET | E58: 30 | F58: 30 | G58: 1 | H58: 3018 | I58: 3081.59 | J58: 0 | K58: 0 | L58: 3081.59 | M58: 63.59 | N58: 015574 | O58: MEDIMP | P58: ASPROD1
A59: 138836 | B59: 46035 | C59: 78206012601 | D59: DULERA 200-5 MCG/ACT INH AEROSOL 13GM | E59: 13 | F59: 39 | G59: 3 | H59: 993 | I59: 994.52 | J59: 0 | K59: 0 | L59: 994.52 | M59: 1.52 | N59: 004740 | O59: NYM | P59: 9314DA31
A60: 123970 | B60: 46006 | C60: 00003089321 | D60: ELIQUIS 2.5MG TAB | E60: 60 | F60: 60 | G60: 1 | H60: 333 | I60: 579.62 | J60: 0 | K60: 0 | L60: 579.62 | M60: 246.62 | N60: 004336 | O60: CAREMARK | P60: MEDDADV | Q60: RX8541
A61: 135385 | B61: 46007 | C61: 00003089321 | D61: ELIQUIS 2.5MG TAB | E61: 60 | F61: 60 | G61: 1 | H61: 333 | I61: 591.49 | J61: 0 | K61: 0 | L61: 591.49 | M61: 258.49 | N61: 004740 | O61: NYM | P61: 9314DA31
A62: 140937 | B62: 46050 | C62: 00003089321 | D62: ELIQUIS 2.5MG TAB | E62: 60 | F62: 60 | G62: 1 | H62: 333 | I62: 341.57 | J62: 0 | K62: 0 | L62: 341.57 | M62: 8.57 | N62: 004740 | O62: NYM | P62: 9314DA31
A63: 118173 | B63: 46015 | C63: 00003089321 | D63: ELIQUIS 2.5MG TAB | E63: 60 | F63: 60 | G63: 1 | H63: 333 | I63: 591.56 | J63: 0 | K63: 0 | L63: 591.56 | M63: 258.56 | N63: 004740 | O63: NYM | P63: 9314DA31
A64: 123970 | B64: 46062 | C64: 00003089321 | D64: ELIQUIS 2.5MG TAB | E64: 60 | F64: 60 | G64: 1 | H64: 336 | I64: 243.56 | J64: 96.89 | K64: 4.9 | L64: 345.35 | M64: 9.35 | N64: 004336 | O64: CAREMARK | P64: MEDDADV | Q64: RX8541
A65: 137077 | B65: 46022 | C65: 00003089321 | D65: ELIQUIS 2.5MG TAB | E65: 60 | F65: 180 | G65: 3 | H65: 999 | I65: 1691.21 | J65: 0 | K65: 0 | L65: 1691.21 | M65: 692.21 | N65: 004336 | O65: CAREMARK | P65: MEDDADV | Q65: RX1110
A66: 126266 | B66: 46017 | C66: 00003089321 | D66: ELIQUIS 2.5MG TAB | E66: 60 | F66: 180 | G66: 3 | H66: 999 | I66: 1754.31 | J66: 0 | K66: 0 | L66: 1754.31 | M66: 755.31 | N66: 004740 | O66: NYM | P66: 9314DA31
A67: 123970 | B67: 46034 | C67: 00003089321 | D67: ELIQUIS 2.5MG TAB | E67: 60 | F67: 60 | G67: 1 | H67: 333 | I67: 243.56 | J67: 96.89 | K67: 4.9 | L67: 345.35 | M67: 12.35 | N67: 004336 | O67: CAREMARK | P67: MEDDADV | Q67: RX8541
A68: 129627 | B68: 45994 | C68: 00003089321 | D68: ELIQUIS 2.5MG TAB | E68: 60 | F68: 60 | G68: 1 | H68: 333 | I68: 571.61 | J68: 0 | K68: 0 | L68: 571.61 | M68: 238.61 | N68: 004336 | O68: CAREMARK | P68: MEDDADV | Q68: RX1110
A69: 132589 | B69: 46073 | C69: 00003089321 | D69: ELIQUIS 2.5MG TAB | E69: 60 | F69: 180 | G69: 3 | H69: 1008 | I69: 740.87 | J69: 290.66 | K69: 4.9 | L69: 1036.43 | M69: 28.43 | N69: 004336 | O69: CAREMARK | P69: MEDDADV | Q69: RX1110
A70: 120419 | B70: 46066 | C70: 00003089321 | D70: ELIQUIS 2.5MG TAB | E70: 60 | F70: 180 | G70: 3 | H70: 1008 | I70: 745.77 | J70: 290.66 | K70: 0 | L70: 1036.43 | M70: 28.43 | N70: 004336 | O70: CAREMARK | P70: MEDDADV | Q70: RX8585
A71: 115384 | B71: 46036 | C71: 00003089321 | D71: ELIQUIS 2.5MG TAB | E71: 60 | F71: 180 | G71: 3 | H71: 999 | I71: 745.77 | J71: 290.66 | K71: 0 | L71: 1036.43 | M71: 37.43 | N71: 004336 | O71: CAREMARK | P71: MEDDADV | Q71: RX1110
A72: 137248 | B72: 46024 | C72: 00003089421 | D72: ELIQUIS 5MG TAB | E72: 60 | F72: 60 | G72: 1 | H72: 333 | I72: 248.49 | J72: 96.89 | K72: 4.9 | L72: 350.28 | M72: 17.28 | N72: 015574 | O72: MEDIMP | P72: ASPROD1 | Q72: VNS01
A73: 141828 | B73: 46059 | C73: 00003089421 | D73: ELIQUIS 5MG TAB | E73: 60 | F73: 180 | G73: 3 | H73: 1008 | I73: 740.87 | J73: 290.66 | K73: 4.9 | L73: 1036.43 | M73: 28.43 | N73: 004336 | O73: CAREMARK | P73: MEDDADV | Q73: RX1110
A74: 122107 | B74: 46024 | C74: 00003089421 | D74: ELIQUIS 5MG TAB | E74: 60 | F74: 60 | G74: 1 | H74: 333 | I74: 248.46 | J74: 96.89 | K74: 0 | L74: 345.35 | M74: 12.35 | N74: 004336 | O74: CAREMARK | P74: MEDDADV | Q74: RX1110
A75: 142332 | B75: 46062 | C75: 00003089421 | D75: ELIQUIS 5MG TAB | E75: 60 | F75: 180 | G75: 3 | H75: 1008 | I75: 740.87 | J75: 290.66 | K75: 4.9 | L75: 1036.43 | M75: 28.43 | N75: 004336 | O75: CAREMARK | P75: MEDDADV | Q75: RX1110
A76: 130287 | B76: 46056 | C76: 00003089421 | D76: ELIQUIS 5MG TAB | E76: 60 | F76: 180 | G76: 3 | H76: 1008 | I76: 734.46 | J76: 290.66 | K76: 12.65 | L76: 1037.77 | M76: 29.77 | N76: 610014 | O76: EXPRESS | P76: MEDDPRIME | Q76: 2FFA
A77: 109682 | B77: 46027 | C77: 00003089421 | D77: ELIQUIS 5MG TAB | E77: 60 | F77: 60 | G77: 1 | H77: 333 | I77: 248.46 | J77: 96.89 | K77: 0 | L77: 345.35 | M77: 12.35 | N77: 004336 | O77: CAREMARK | P77: MEDDADV | Q77: RX1110
A78: 123581 | B78: 46057 | C78: 00003089421 | D78: ELIQUIS 5MG TAB | E78: 60 | F78: 60 | G78: 1 | H78: 336 | I78: 341.77 | J78: 0 | K78: 0 | L78: 341.77 | M78: 5.77 | N78: 004740 | O78: NYM | P78: 9314DA31
A79: 130641 | B79: 46059 | C79: 00003089421 | D79: ELIQUIS 5MG TAB | E79: 60 | F79: 180 | G79: 3 | H79: 1008 | I79: 740.87 | J79: 290.66 | K79: 4.9 | L79: 1036.43 | M79: 28.43 | N79: 004336 | O79: CAREMARK | P79: MEDDADV | Q79: RX1110
A80: 123048 | B80: 46027 | C80: 00003089421 | D80: ELIQUIS 5MG TAB | E80: 60 | F80: 60 | G80: 1 | H80: 333 | I80: 248.46 | J80: 96.89 | K80: 0 | L80: 345.35 | M80: 12.35 | N80: 004336 | O80: CAREMARK | P80: MEDDADV | Q80: RX1110
A81: 119916 | B81: 46024 | C81: 00003089421 | D81: ELIQUIS 5MG TAB | E81: 60 | F81: 180 | G81: 3 | H81: 999 | I81: 589.16 | J81: 290.66 | K81: 156.61 | L81: 1036.43 | M81: 37.43 | N81: 004336 | O81: CAREMARK | P81: MEDDADV | Q81: RX1110
A82: 143964 | B82: 46072 | C82: 00003089421 | D82: ELIQUIS 5MG TAB | E82: 60 | F82: 180 | G82: 3 | H82: 1008 | I82: 750.8 | J82: 290.66 | K82: 0 | L82: 1041.46 | M82: 33.46 | N82: 015574 | O82: MEDIMP | P82: ASPROD1 | Q82: VNS01
A83: 127615 | B83: 46041 | C83: 00003089421 | D83: ELIQUIS 5MG TAB | E83: 60 | F83: 180 | G83: 3 | H83: 999 | I83: 740.87 | J83: 290.66 | K83: 4.9 | L83: 1036.43 | M83: 37.43 | N83: 004336 | O83: CAREMARK | P83: MEDDADV | Q83: RX1110
A84: 133556 | B84: 46077 | C84: 00003089421 | D84: ELIQUIS 5MG TAB | E84: 60 | F84: 60 | G84: 1 | H84: 336 | I84: 218.46 | J84: 96.89 | K84: 30 | L84: 345.35 | M84: 9.35 | N84: 004336 | O84: CAREMARK | P84: MEDDADV | Q84: RXCVSD
A85: 140318 | B85: 46045 | C85: 00003089421 | D85: ELIQUIS 5MG TAB | E85: 60 | F85: 180 | G85: 3 | H85: 999 | I85: 745.77 | J85: 290.66 | K85: 0 | L85: 1036.43 | M85: 37.43 | N85: 004336 | O85: CAREMARK | P85: MEDDADV | Q85: RX1110
A86: 96294 | B86: 46048 | C86: 00003089421 | D86: ELIQUIS 5MG TAB | E86: 60 | F86: 180 | G86: 3 | H86: 999 | I86: 745.77 | J86: 290.66 | K86: 0 | L86: 1036.43 | M86: 37.43 | N86: 004336 | O86: CAREMARK | P86: MEDDADV | Q86: RX1110
A87: 129391 | B87: 46048 | C87: 00003089421 | D87: ELIQUIS 5MG TAB | E87: 60 | F87: 180 | G87: 3 | H87: 999 | I87: 745.77 | J87: 290.66 | K87: 0 | L87: 1036.43 | M87: 37.43 | N87: 004336 | O87: CAREMARK | P87: MEDDADV | Q87: RX1110
A88: 123048 | B88: 46055 | C88: 00003089421 | D88: ELIQUIS 5MG TAB | E88: 60 | F88: 60 | G88: 1 | H88: 336 | I88: 248.46 | J88: 96.89 | K88: 0 | L88: 345.35 | M88: 9.35 | N88: 004336 | O88: CAREMARK | P88: MEDDADV | Q88: RX1110
A89: 131193 | B89: 46034 | C89: 00003089421 | D89: ELIQUIS 5MG TAB | E89: 60 | F89: 60 | G89: 1 | H89: 333 | I89: 591.91 | J89: 0 | K89: 0 | L89: 591.91 | M89: 258.91 | N89: 004740 | O89: NYM | P89: 9314DA31
A90: 116765 | B90: 46034 | C90: 00003089421 | D90: ELIQUIS 5MG TAB | E90: 60 | F90: 60 | G90: 1 | H90: 333 | I90: 0 | J90: 96.89 | K90: 248.46 | L90: 345.35 | M90: 12.35 | N90: 004336 | O90: CAREMARK | P90: MEDDADV | Q90: RX1110
A91: 138346 | B91: 46031 | C91: 00003089421 | D91: ELIQUIS 5MG TAB | E91: 60 | F91: 180 | G91: 3 | H91: 999 | I91: 745.77 | J91: 290.66 | K91: 0 | L91: 1036.43 | M91: 37.43 | N91: 004336 | O91: CAREMARK | P91: MEDDADV | Q91: RX1110
A92: 143572 | B92: 46070 | C92: 00003089421 | D92: ELIQUIS 5MG TAB | E92: 60 | F92: 180 | G92: 3 | H92: 1008 | I92: 740.87 | J92: 290.66 | K92: 4.9 | L92: 1036.43 | M92: 28.43 | N92: 004336 | O92: CAREMARK | P92: MEDDADV | Q92: RX1110
A93: 140717 | B93: 46049 | C93: 00003089421 | D93: ELIQUIS 5MG TAB | E93: 60 | F93: 180 | G93: 3 | H93: 999 | I93: 141.29 | J93: 290.66 | K93: 604.48 | L93: 1036.43 | M93: 37.43 | N93: 004336 | O93: CAREMARK | P93: MEDDADV | Q93: RX1110
A94: 131193 | B94: 46006 | C94: 00003089421 | D94: ELIQUIS 5MG TAB | E94: 60 | F94: 60 | G94: 1 | H94: 584 | I94: 591.83 | J94: 0 | K94: 0 | L94: 591.83 | M94: 7.83 | N94: 004740 | O94: NYM | P94: 9314DA31
A95: 133745 | B95: 46006 | C95: 00003089421 | D95: ELIQUIS 5MG TAB | E95: 60 | F95: 180 | G95: 3 | H95: 1752 | I95: 1833.14 | J95: 0 | K95: 0 | L95: 1833.14 | M95: 81.14 | N95: 004336 | O95: CAREMARK | P95: MEDDADV | Q95: RXCVSD
A96: 109682 | B96: 46055 | C96: 00003089421 | D96: ELIQUIS 5MG TAB | E96: 60 | F96: 60 | G96: 1 | H96: 336 | I96: 248.46 | J96: 96.89 | K96: 0 | L96: 345.35 | M96: 9.35 | N96: 004336 | O96: CAREMARK | P96: MEDDADV | Q96: RX1110
A97: 141178 | B97: 46052 | C97: 00003089421 | D97: ELIQUIS 5MG TAB | E97: 60 | F97: 180 | G97: 3 | H97: 999 | I97: 745.9 | J97: 290.66 | K97: 4.9 | L97: 1041.46 | M97: 42.46 | N97: 015574 | O97: MEDIMP | P97: ASPROD1 | Q97: VNS01
A98: 141179 | B98: 46052 | C98: 00003089421 | D98: ELIQUIS 5MG TAB | E98: 60 | F98: 180 | G98: 3 | H98: 999 | I98: 745.77 | J98: 290.66 | K98: 0 | L98: 1036.43 | M98: 37.43 | N98: 004336 | O98: CAREMARK | P98: MEDDADV | Q98: RX1110
A99: 133556 | B99: 46049 | C99: 00003089421 | D99: ELIQUIS 5MG TAB | E99: 60 | F99: 60 | G99: 1 | H99: 333 | I99: 218.46 | J99: 96.89 | K99: 30 | L99: 345.35 | M99: 12.35 | N99: 004336 | O99: CAREMARK | P99: MEDDADV | Q99: RXCVSD
A100: 128729 | B100: 46041 | C100: 00310621030 | D100: FARXIGA 10MG TABLET | E100: 30 | F100: 30 | G100: 1 | H100: 365 | I100: 585.31 | J100: 0 | K100: 0 | L100: 585.31 | M100: 220.31 | N100: 004740 | O100: NYM | P100: 9314DA31
A101: 139347 | B101: 46038 | C101: 00310621030 | D101: FARXIGA 10MG TABLET | E101: 30 | F101: 90 | G101: 3 | H101: 1095 | I101: 1735.57 | J101: 0 | K101: 0 | L101: 1735.57 | M101: 640.57 | N101: 004740 | O101: NYM | P101: 9314DA31
...

Sheet MFP Drugs - RX
A1: MFP DRUGS
A2: RX | B2: Fill Date | C2: NDC | D2: Drug Name | E2: Pkg Size | F2: Qty Filled | G2: Package billed | H2: Kinray Unit Price | I2: Kinray Final Price | J2: Ins Paid Plan 1 | K2: Ins Paid Plan 2 | L2: SDRA Amt | M2: COPAY | N2: Winning Ins Paid | O2: Total Collected | P2: Difference | Q2: BIN | R2: Processor | S2: PCN | T2: Group
A3: 137336 | B3: 46024 | C3: 00310737220 | D3: BUDESONIDE-FORMOTEROL FUMARATE 80-4.5MCG/ACT AEROSOL | E3: 10.2 | F3: 10.2 | G3: 1 | H3: 139 | I3: 139 | J3: 80.85 | K3: 0 | L3: 357.59 | M3: 15 | N3: 80.85 | O3: 453.44 | P3: 314.44 | Q3: 020099 | R3: CAREMARK | S3: WG | T3: WLDA
A4: 132589 | B4: 46073 | C4: 00003089321 | D4: ELIQUIS 2.5MG TAB | E4: 60 | F4: 180 | G4: 3 | H4: 336 | I4: 1008 | J4: 740.87 | K4: 0 | L4: 290.66 | M4: 4.9 | N4: 740.87 | O4: 1036.43 | P4: 28.43 | Q4: 004336 | R4: CAREMARK | S4: MEDDADV | T4: RX1110
A5: 120419 | B5: 46066 | C5: 00003089321 | D5: ELIQUIS 2.5MG TAB | E5: 60 | F5: 180 | G5: 3 | H5: 336 | I5: 1008 | J5: 745.77 | K5: 0 | L5: 290.66 | M5: 0 | N5: 745.77 | O5: 1036.43 | P5: 28.43 | Q5: 004336 | R5: CAREMARK | S5: MEDDADV | T5: RX8585
A6: 123970 | B6: 46062 | C6: 00003089321 | D6: ELIQUIS 2.5MG TAB | E6: 60 | F6: 60 | G6: 1 | H6: 336 | I6: 336 | J6: 243.56 | K6: 0 | L6: 96.89 | M6: 4.9 | N6: 243.56 | O6: 345.35 | P6: 9.35 | Q6: 004336 | R6: CAREMARK | S6: MEDDADV | T6: RX8541
A7: 115384 | B7: 46036 | C7: 00003089321 | D7: ELIQUIS 2.5MG TAB | E7: 60 | F7: 180 | G7: 3 | H7: 333 | I7: 999 | J7: 745.77 | K7: 0 | L7: 290.66 | M7: 0 | N7: 745.77 | O7: 1036.43 | P7: 37.43 | Q7: 004336 | R7: CAREMARK | S7: MEDDADV | T7: RX1110
A8: 123970 | B8: 46034 | C8: 00003089321 | D8: ELIQUIS 2.5MG TAB | E8: 60 | F8: 60 | G8: 1 | H8: 333 | I8: 333 | J8: 243.56 | K8: 0 | L8: 96.89 | M8: 4.9 | N8: 243.56 | O8: 345.35 | P8: 12.35 | Q8: 004336 | R8: CAREMARK | S8: MEDDADV | T8: RX8541
A9: 133556 | B9: 46077 | C9: 00003089421 | D9: ELIQUIS 5MG TAB | E9: 60 | F9: 60 | G9: 1 | H9: 336 | I9: 336 | J9: 218.46 | K9: 0 | L9: 96.89 | M9: 30 | N9: 218.46 | O9: 345.35 | P9: 9.35 | Q9: 004336 | R9: CAREMARK | S9: MEDDADV | T9: RXCVSD
A10: 143964 | B10: 46072 | C10: 00003089421 | D10: ELIQUIS 5MG TAB | E10: 60 | F10: 180 | G10: 3 | H10: 336 | I10: 1008 | J10: 750.8 | K10: 0 | L10: 290.66 | M10: 0 | N10: 750.8 | O10: 1041.46 | P10: 33.46 | Q10: 015574 | R10: MEDIMP | S10: ASPROD1 | T10: VNS01
A11: 143572 | B11: 46070 | C11: 00003089421 | D11: ELIQUIS 5MG TAB | E11: 60 | F11: 180 | G11: 3 | H11: 336 | I11: 1008 | J11: 740.87 | K11: 0 | L11: 290.66 | M11: 4.9 | N11: 740.87 | O11: 1036.43 | P11: 28.43 | Q11: 004336 | R11: CAREMARK | S11: MEDDADV | T11: RX1110
A12: 142332 | B12: 46062 | C12: 00003089421 | D12: ELIQUIS 5MG TAB | E12: 60 | F12: 180 | G12: 3 | H12: 336 | I12: 1008 | J12: 740.87 | K12: 0 | L12: 290.66 | M12: 4.9 | N12: 740.87 | O12: 1036.43 | P12: 28.43 | Q12: 004336 | R12: CAREMARK | S12: MEDDADV | T12: RX1110
A13: 130641 | B13: 46059 | C13: 00003089421 | D13: ELIQUIS 5MG TAB | E13: 60 | F13: 180 | G13: 3 | H13: 336 | I13: 1008 | J13: 740.87 | K13: 0 | L13: 290.66 | M13: 4.9 | N13: 740.87 | O13: 1036.43 | P13: 28.43 | Q13: 004336 | R13: CAREMARK | S13: MEDDADV | T13: RX1110
A14: 141828 | B14: 46059 | C14: 00003089421 | D14: ELIQUIS 5MG TAB | E14: 60 | F14: 180 | G14: 3 | H14: 336 | I14: 1008 | J14: 740.87 | K14: 0 | L14: 290.66 | M14: 4.9 | N14: 740.87 | O14: 1036.43 | P14: 28.43 | Q14: 004336 | R14: CAREMARK | S14: MEDDADV | T14: RX1110
... A34: 141159 | B34: 46052 | C34: 00310621030 | D34: FARXIGA 10MG TABLET | E34: 30 | F34: 90 | G34: 3 | H34: 365 | I34: 1095 | J34: 542.82 | K34: 0 | L34: 588.7 | M34: 1.6 | N34: 542.82 | O34: 1133.12 | P34: 38.12 | Q34: 004336 | R34: CAREMARK | S34: MEDDADV | T34: RX1110
A35: 129765 | B35: 46050 | C35: 00310621030 | D35: FARXIGA 10MG TABLET | E35: 30 | F35: 90 | G35: 3 | H35: 365 | I35: 1095 | J35: 544.55 | K35: 0 | L35: 588.7 | M35: 4.9 | N35: 544.55 | O35: 1138.15 | P35: 43.15 | Q35: 015574 | R35: MEDIMP | S35: ASPROD1
A36: 140829 | B36: 46050 | C36: 00310621030 | D36: FARXIGA 10MG TABLET | E36: 30 | F36: 90 | G36: 3 | H36: 365 | I36: 1095 | J36: 542.82 | K36: 0 | L36: 588.7 | M36: 1.6 | N36: 542.82 | O36: 1133.12 | P36: 38.12 | Q36: 004336 | R36: CAREMARK | S36: MEDDADV | T36: RX1110
A37: 140537 | B37: 46048 | C37: 00310621030 | D37: FARXIGA 10MG TABLET | E37: 30 | F37: 90 | G37: 3 | H37: 365 | I37: 1095 | J37: 430.1 | K37: 0 | L37: 588.7 | M37: 114.32 | N37: 430.1 | O37: 1133.12 | P37: 38.12 | Q37: 004336 | R37: CAREMARK | S37: MEDDADV | T37: RX1110
A38: 140180 | B38: 46044 | C38: 00310621030 | D38: FARXIGA 10MG TABLET | E38: 30 | F38: 90 | G38: 3 | H38: 365 | I38: 1095 | J38: 542.82 | K38: 0 | L38: 588.7 | M38: 1.6 | N38: 542.82 | O38: 1133.12 | P38: 38.12 | Q38: 004336 | R38: CAREMARK | S38: MEDDADV | T38: RX1110
A39: 128113 | B39: 46038 | C39: 00310621030 | D39: FARXIGA 10MG TABLET | E39: 30 | F39: 90 | G39: 3 | H39: 365 | I39: 1095 | J39: 542.82 | K39: 0 | L39: 588.7 | M39: 1.6 | N39: 542.82 | O39: 1133.12 | P39: 38.12 | Q39: 004336 | R39: CAREMARK | S39: MEDDADV | T39: RX1110
A40: 126072 | B40: 46035 | C40: 00310621030 | D40: FARXIGA 10MG TABLET | E40: 30 | F40: 90 | G40: 3 | H40: 365 | I40: 1095 | J40: 544.42 | K40: 0 | L40: 588.7 | M40: 0 | N40: 544.42 | O40: 1133.12 | P40: 38.12 | Q40: 004336 | R40: CAREMARK | S40: MEDDADV | T40: RX1110
A41: 138948 | B41: 46035 | C41: 00310621030 | D41: FARXIGA 10MG TABLET | E41: 30 | F41: 90 | G41: 3 | H41: 365 | I41: 1095 | J41: 545.76 | K41: 0 | L41: 588.7 | M41: 0 | N41: 545.76 | O41: 1134.46 | P41: 39.46 | Q41: 610014 | R41: EXPRESS | S41: MEDDPRIME | T41: 2FFA
A42: 138950 | B42: 46035 | C42: 00310621030 | D42: FARXIGA 10MG TABLET | E42: 30 | F42: 90 | G42: 3 | H42: 365 | I42: 1095 | J42: 549.45 | K42: 0 | L42: 588.7 | M42: 0 | N42: 549.45 | O42: 1138.15 | P42: 43.15 | Q42: 015574 | R42: MEDIMP | S42: ASPROD1 | T42: VNS01
A43: 121812 | B43: 46024 | C43: 00310621030 | D43: FARXIGA 10MG TABLET | E43: 30 | F43: 30 | G43: 1 | H43: 365 | I43: 365 | J43: 181.38 | K43: 0 | L43: 196.23 | M43: 4.9 | N43: 181.38 | O43: 382.51 | P43: 17.51 | Q43: 015574 | R43: MEDIMP | S43: ASPROD1 | T43: VNS01
A44: 139593 | B44: 46041 | C44: 00310620530 | D44: FARXIGA 5MG TABLET | E44: 30 | F44: 90 | G44: 3 | H44: 365 | I44: 1095 | J44: 544.42 | K44: 0 | L44: 588.7 | M44: 0 | N44: 544.42 | O44: 1133.12 | P44: 38.12 | Q44: 004336 | R44: CAREMARK | S44: MEDDADV | T44: RX8585
A45: 135058 | B45: 46035 | C45: 00310620530 | D45: FARXIGA 5MG TABLET | E45: 30 | F45: 30 | G45: 1 | H45: 365 | I45: 365 | J45: 181.35 | K45: 0 | L45: 196.23 | M45: 0 | N45: 181.35 | O45: 377.58 | P45: 12.58 | Q45: 004336 | R45: CAREMARK | S45: MEDDADV | T45: RX1110
A46: 143116 | B46: 46065 | C46: 00006027731 | D46: JANUVIA 100MG TAB | E46: 30 | F46: 90 | G46: 3 | H46: 321 | I46: 963 | J46: 346.47 | K46: 0 | L46: 638.29 | M46: 4.9 | N46: 346.47 | O46: 989.66 | P46: 26.66 | Q46: 004336 | R46: CAREMARK | S46: MEDDADV | T46: RX1110
A47: 138331 | B47: 46064 | C47: 00006027731 | D47: JANUVIA 100MG TAB | E47: 30 | F47: 90 | G47: 3 | H47: 321 | I47: 963 | J47: 351.37 | K47: 0 | L47: 638.29 | M47: 0 | N47: 351.37 | O47: 989.66 | P47: 26.66 | Q47: 004336 | R47: CAREMARK | S47: MEDDADV | T47: RX8585
... A58: 115240 | B58: 46027 | C58: 00006027731 | D58: JANUVIA 100MG TAB | E58: 30 | F58: 90 | G58: 3 | H58: 318 | I58: 954 | J58: 351.37 | K58: 0 | L58: 638.29 | M58: 0 | N58: 351.37 | O58: 989.66 | P58: 35.66 | Q58: 004336 | R58: CAREMARK | S58: MEDDADV | T58: RX1110
A59: 133674 | B59: 46027 | C59: 00006027731 | D59: JANUVIA 100MG TAB | E59: 30 | F59: 90 | G59: 3 | H59: 318 | I59: 954 | J59: 356.4 | K59: 0 | L59: 638.29 | M59: 0 | N59: 356.4 | O59: 994.69 | P59: 40.69 | Q59: 015574 | R59: MEDIMP | S59: ASPROD1
A60: 137417 | B60: 46027 | C60: 00006027731 | D60: JANUVIA 100MG TAB | E60: 30 | F60: 90 | G60: 3 | H60: 318 | I60: 954 | J60: 346.47 | K60: 0 | L60: 638.29 | M60: 4.9 | N60: 346.47 | O60: 989.66 | P60: 35.66 | Q60: 004336 | R60: CAREMARK | S60: MEDDADV | T60: RX1110
A61: 137451 | B61: 46027 | C61: 00006027731 | D61: JANUVIA 100MG TAB | E61: 30 | F61: 90 | G61: 3 | H61: 318 | I61: 954 | J61: 346.47 | K61: 0 | L61: 638.29 | M61: 4.9 | N61: 346.47 | O61: 989.66 | P61: 35.66 | Q61: 004336 | R61: CAREMARK | S61: MEDDADV | T61: RX1110
A62: 144507 | B62: 46077 | C62: 00006022131 | D62: JANUVIA 25MG TABLET | E62: 30 | F62: 30 | G62: 1 | H62: 318 | I62: 318 | J62: 127.74 | K62: 0 | L62: 212.76 | M62: 0 | N62: 127.74 | O62: 340.5 | P62: 22.5 | Q62: 017010 | R62: EXPRESS | S62: CIMCARE | T62: CIGPDPRX
A63: 140578 | B63: 46049 | C63: 00006022131 | D63: JANUVIA 25MG TABLET | E63: 30 | F63: 30 | G63: 1 | H63: 318 | I63: 318 | J63: 127.74 | K63: 0 | L63: 212.76 | M63: 0 | N63: 127.74 | O63: 340.5 | P63: 22.5 | Q63: 017010 | R63: EXPRESS | S63: CIMCARE | T63: CIGPDPRX
A64: 116072 | B64: 46077 | C64: 00006011231 | D64: JANUVIA 50MG TABLET | E64: 30 | F64: 30 | G64: 1 | H64: 321 | I64: 321 | J64: 113.34 | K64: 0 | L64: 212.76 | M64: 4.9 | N64: 113.34 | O64: 331 | P64: 10 | Q64: 610014 | R64: EXPRESS | S64: MEDDPRIME | T64: 2FFA
A65: 131732 | B65: 46069 | C65: 00006011231 | D65: JANUVIA 50MG TABLET | E65: 30 | F65: 90 | G65: 3 | H65: 321 | I65: 963 | J65: 316.71 | K65: 0 | L65: 638.29 | M65: 45 | N65: 316.71 | O65: 1000 | P65: 37 | Q65: 610455 | R65: PRIMECAPRX | S65: NY4000 | T65: MAPD
A66: 142710 | B66: 46064 | C66: 00006011231 | D66: JANUVIA 50MG TABLET | E66: 30 | F66: 90 | G66: 3 | H66: 321 | I66: 963 | J66: 351.37 | K66: 0 | L66: 638.29 | M66: 0 | N66: 351.37 | O66: 989.66 | P66: 26.66 | Q66: 004336 | R66: CAREMARK | S66: MEDDADV | T66: RX1110
A67: 142886 | B67: 46064 | C67: 00006011231 | D67: JANUVIA 50MG TABLET | E67: 30 | F67: 60 | G67: 2 | H67: 321 | I67: 642 | J67: 234.77 | K67: 0 | L67: 425.53 | M67: 0 | N67: 234.77 | O67: 660.3 | P67: 18.3 | Q67: 015599 | R67: ARG/HUM | S67: 05440000
A68: 142289 | B68: 46062 | C68: 00006011231 | D68: JANUVIA 50MG TABLET | E68: 30 | F68: 90 | G68: 3 | H68: 321 | I68: 963 | J68: 351.37 | K68: 0 | L68: 638.29 | M68: 0 | N68: 351.37 | O68: 989.66 | P68: 26.66 | Q68: 004336 | R68: CAREMARK | S68: MEDDADV | T68: RX1110
A69: 116072 | B69: 46049 | C69: 00006011231 | D69: JANUVIA 50MG TABLET | E69: 30 | F69: 30 | G69: 1 | H69: 318 | I69: 318 | J69: 113.34 | K69: 0 | L69: 212.76 | M69: 4.9 | N69: 113.34 | O69: 331 | P69: 13 | Q69: 610014 | R69: EXPRESS | S69: MEDDPRIME | T69: 2FFA
A70: 107980 | B70: 46048 | C70: 00006011231 | D70: JANUVIA 50MG TABLET | E70: 30 | F70: 90 | G70: 3 | H70: 318 | I70: 954 | J70: 346.47 | K70: 0 | L70: 638.29 | M70: 4.9 | N70: 346.47 | O70: 989.66 | P70: 35.66 | Q70: 004336 | R70: CAREMARK | S70: MEDDADV | T70: RX1110
A71: 138860 | B71: 46035 | C71: 00006011231 | D71: JANUVIA 50MG TABLET | E71: 30 | F71: 90 | G71: 3 | H71: 318 | I71: 954 | J71: 351.37 | K71: 0 | L71: 638.29 | M71: 0 | N71: 351.37 | O71: 989.66 | P71: 35.66 | Q71: 004336 | R71: CAREMARK | S71: MEDDADV | T71: RX1110
A72: 138446 | B72: 46032 | C72: 00006011231 | D72: JANUVIA 50MG TABLET | E72: 30 | F72: 90 | G72: 3 | H72: 318 | I72: 954 | J72: 346.47 | K72: 0 | L72: 638.29 | M72: 4.9 | N72: 346.47 | O72: 989.66 | P72: 35.66 | Q72: 004336 | R72: CAREMARK | S72: MEDDADV | T72: RX1110
A73: 137603 | B73: 46027 | C73: 00006011231 | D73: JANUVIA 50MG TABLET | E73: 30 | F73: 90 | G73: 3 | H73: 318 | I73: 954 | J73: 351.37 | K73: 0 | L73: 638.29 | M73: 0 | N73: 351.37 | O73: 989.66 | P73: 35.66 | Q73: 004336 | R73: CAREMARK | S73: MEDDADV | T73: RX1110
A74: 144564 | B74: 46077 | C74: 00597015230 | D74: JARDIANCE 10MG TAB | E74: 30 | F74: 90 | G74: 3 | H74: 340 | I74: 1020 | J74: 606.22 | K74: 0 | L74: 438.54 | M74: 4.9 | N74: 606.22 | O74: 1049.66 | P74: 29.66 | Q74: 004336 | R74: CAREMARK | S74: MEDDADV | T74: RX1110
A75: 144395 | B75: 46076 | C75: 00597015230 | D75: JARDIANCE 10MG TAB | E75: 30 | F75: 30 | G75: 1 | H75: 340 | I75: 340 | J75: 203.61 | K75: 0 | L75: 146.18 | M75: 4.9 | N75: 203.61 | O75: 354.69 | P75: 14.69 | Q75: 015574 | R75: MEDIMP | S75: ASPROD1 | T75: VNS01
A76: 110099 | B76: 46072 | C76: 00597015230 | D76: JARDIANCE 10MG TAB | E76: 30 | F76: 90 | G76: 3 | H76: 340 | I76: 1020 | J76: 606.22 | K76: 0 | L76: 438.54 | M76: 4.9 | N76: 606.22 | O76: 1049.66 | P76: 29.66 | Q76: 004336 | R76: CAREMARK | S76: MEDDADV | T76: RX1110
A77: 143416 | B77: 46069 | C77: 00597015230 | D77: JARDIANCE 10MG TAB | E77: 30 | F77: 90 | G77: 3 | H77: 340 | I77: 1020 | J77: 458.34 | K77: 0 | L77: 438.54 | M77: 152.78 | N77: 458.34 | O77: 1049.66 | P77: 29.66 | Q77: 004336 | R77: CAREMARK | S77: MEDDADV | T77: RXCVSD
A78: 122708 | B78: 46063 | C78: 00597015230 | D78: JARDIANCE 10MG TAB | E78: 30 | F78: 60 | G78: 2 | H78: 340 | I78: 680 | J78: 407.4 | K78: 0 | L78: 292.36 | M78: 0 | N78: 407.4 | O78: 699.76 | P78: 19.76 | Q78: 004336 | R78: CAREMARK | S78: MEDDADV | T78: RX8585
A79: 142599 | B79: 46063 | C79: 00597015230 | D79: JARDIANCE 10MG TAB | E79: 30 | F79: 90 | G79: 3 | H79: 340 | I79: 1020 | J79: 606.22 | K79: 0 | L79: 438.54 | M79: 4.9 | N79: 606.22 | O79: 1049.66 | P79: 29.66 | Q79: 004336 | R79: CAREMARK | S79: MEDDADV | T79: RX1110
... A158: 137975 | B158: 46029 | C158: 50458057930 | D158: XARELTO 20MG TAB | E158: 30 | F158: 90 | G158: 3 | H158: 577 | I158: 1731 | J158: 618.94 | K158: 0 | L158: 1174.9 | M158: 0 | N158: 618.94 | O158: 1793.84 | P158: 62.84 | Q158: 004336 | R158: CAREMARK | S158: MEDDADV | T158: RX1110
I159: =SUBTOTAL(109,I3:I158) | J159: =SUBTOTAL(109,J3:J158) | K159: =SUBTOTAL(109,K3:K158) | L159: =SUBTOTAL(109,L3:L158) | M159: =SUBTOTAL(109,M3:M158) | N159: =SUBTOTAL(109,N3:N158) | O159: =SUBTOTAL(109,O3:O158) | P159: =SUBTOTAL(109,P3:P158)

Sheet Summary
A1: Summary
A2: Summary of Hil for the date range hh
A3: Metric | B3: ALL_PBM | C3: ARG/HUM | D3: CAREMARK | E3: EXPRESS | F3: FDS | G3: MEDIMP | H3: NYM | I3: OPTUM | J3: PRIMECAPRX | K3: RELAYHLTH
A4: Insurance $(BestRX) | B4: =SUM('Processed Data'!AK4:AK208) | C4: =SUM('Processed Data'!AL4:AL208) | D4: =SUM('Processed Data'!AM4:AM208) | E4: =SUM('Processed Data'!AN4:AN208) | F4: =SUM('Processed Data'!AO4:AO208) | G4: =SUM('Processed Data'!AP4:AP208) | H4: =SUM('Processed Data'!AQ4:AQ208) | I4: =SUM('Processed Data'!AR4:AR208) | ... K4: =SUM('Processed Data'!AT4:AT208)
A5: 100% $$ Purchased (Kinray) | B5: =SUM('Processed Data'!AU4:AU208) | C5: =SUM('Processed Data'!AV4:AV208) | D5: =SUM('Processed Data'!AW4:AW208) | E5: =SUM('Processed Data'!AX4:AX208) | F5: =SUM('Processed Data'!AY4:AY208) | G5: =SUM('Processed Data'!AZ4:AZ208) | H5: =SUM('Processed Data'!BA4:BA208) | I5: =SUM('Processed Data'!BB4:BB208) | ... K5: =SUM('Processed Data'!BD4:BD208)
A6: Net (Paid − Purchased) | B6: =SUM('Processed Data'!BE4:BE208) | C6: =SUM('Processed Data'!BF4:BF208) | D6: =SUM('Processed Data'!BG4:BG208) | E6: =SUM('Processed Data'!BH4:BH208) | F6: =SUM('Processed Data'!BI4:BI208) | G6: =SUM('Processed Data'!BJ4:BJ208) | H6: =SUM('Processed Data'!BK4:BK208) | I6: =SUM('Processed Data'!BL4:BL208) | ... K6: =SUM('Processed Data'!BN4:BN208)
A7: Needs to Ordered Sheet, Insurance-wise Order Estimate ($) | B7: =IFERROR(INDEX('Needs to be ordered - All'!$R$3:$R$103,MATCH("ALL_PBM_D", 'Needs to be ordered - All'!$Q$3:$Q$103, 0)), 0) | C7: =IFERROR(INDEX('Needs to be ordered - All'!$R$3:$R$103,MATCH("ARG/HUM_D", 'Needs to be ordered - All'!$Q$3:$Q$103, 0)), 0) | D7: =IFERROR(INDEX('Needs to be ordered - All'!$R$3:$R$103,MATCH("CAREMARK_D", 'Needs to be ordered - All'!$Q$3:$Q$103, 0)), 0) | E7: =IFERROR(INDEX('Needs to be ordered - All'!$R$3:$R$103,MATCH("EXPRESS_D", 'Needs to be ordered - All'!$Q$3:$Q$103, 0)), 0) | F7: =IFERROR(INDEX('Needs to be ordered - All'!$R$3:$R$103,MATCH("FDS_D", 'Needs to be ordered - All'!$Q$3:$Q$103, 0)), 0) | G7: =IFERROR(INDEX('Needs to be ordered - All'!$R$3:$R$103,MATCH("MEDIMP_D", 'Needs to be ordered - All'!$Q$3:$Q$103, 0)), 0) | H7: =IFERROR(INDEX('Needs to be ordered - All'!$R$3:$R$103,MATCH("NYM_D", 'Needs to be ordered - All'!$Q$3:$Q$103, 0)), 0) | I7: =IFERROR(INDEX('Needs to be ordered - All'!$R$3:$R$103,MATCH("OPTUM_D", 'Needs to be ordered - All'!$Q$3:$Q$103, 0)), 0) | J7: =IFERROR(INDEX('Needs to be ordered - All'!$R$3:$R$103,MATCH("PRIMECAPRX_D", 'Needs to be ordered - All'!$Q$3:$Q$103, 0)), 0) | K7: =IFERROR(INDEX('Needs to be ordered - All'!$R$3:$R$103,MATCH("RELAYHLTH_D", 'Needs to be ordered - All'!$Q$3:$Q$103, 0)), 0)
